customer_id,account_id,type,balance
100372,1,checking,8289.65
100372,2,checking,8339.27
100372,3,checking,5290.43
100372,4,savings,6978.34
100373,5,checking,6471.73
100373,6,checking,8454.71
100373,7,savings,7077.84
100374,8,checking,7612.01
100374,9,checking,8463.57
100374,10,checking,7457.72
100374,11,savings,9227.15
100374,12,savings,8080.75
100374,13,savings,6328.58
100375,14,checking,7110.82
100375,15,checking,9503.11
100375,16,checking,5918.33
100375,17,savings,6956.23
100375,18,savings,5452.88
100375,19,savings,5193.28
100376,20,checking,9487.78
100377,21,checking,7662.26
100377,22,checking,8731.65
100377,23,checking,9571.06
100377,24,savings,8213.12
100377,25,savings,9246.34
100378,26,checking,8621.31
100379,27,checking,9770.41
100379,28,checking,9472.39
100379,29,checking,7061.4
100380,30,checking,5591.06
100380,31,checking,5638.66
100380,32,savings,6018.9
100381,33,checking,7267.15
100381,34,checking,8001.15
100381,35,checking,6391.63
100381,36,savings,8448.55
100381,37,savings,7136.22
100382,38,checking,9871.69
100382,39,savings,6623.5
100382,40,savings,9458.4
100383,41,checking,8490.35
100383,42,checking,9732.21
100383,43,savings,6230.8
100384,44,checking,7902.85
100384,45,savings,9626.31
100385,46,checking,5454.95
100385,47,checking,7222.32
100385,48,checking,9050.93
100385,49,savings,5502.25
100386,50,checking,6574.49
100386,51,checking,8953.78
100387,52,checking,5724.21
100387,53,checking,6602.34
100387,54,checking,7697.02
100387,55,savings,7559.07
100387,56,savings,9603.15
100388,57,checking,5377.42
100388,58,checking,7058.72
100389,59,checking,5443.98
100389,60,checking,5512.49
100389,61,savings,5417.01
100389,62,savings,8948.84
100389,63,savings,5985.21
100390,64,checking,9317.73
100390,65,checking,6453.61
100390,66,savings,8403.28
100391,67,checking,5196.54
100391,68,checking,5671.34
100391,69,checking,9278.89
100391,70,savings,6191.7
100391,71,savings,5747.19
100391,72,savings,5566.19
100392,73,checking,5918.99
100392,74,savings,5470.67
100392,75,savings,6479.33
100393,76,checking,9944.33
100393,77,checking,5681.92
100393,78,checking,5295.45
100393,79,savings,9994.04
100393,80,savings,8880.65
100394,81,checking,6047.85
100394,82,savings,9261.97
100394,83,savings,6511.12
100394,84,savings,9022.61
100395,85,checking,8688.92
100395,86,checking,9862.39
100396,87,checking,7535.55
100396,88,checking,8563.73
100396,89,checking,6556.64
100397,90,checking,7011.94
100397,91,savings,9255.61
100397,92,savings,6606.96
100398,93,checking,6593.66
100398,94,checking,7083.38
100398,95,checking,8521.09
100399,96,checking,7921.7
100399,97,checking,8028.23
100399,98,checking,8391.9
100399,99,savings,9358.55
100400,100,checking,8953.64
100400,101,checking,8111.72
100400,102,checking,9984.24
100400,103,savings,6397.13
100400,104,savings,7888.66
100401,105,checking,9324.0
100401,106,savings,7618.85
100401,107,savings,6322.35
100401,108,savings,6474.8
100402,109,checking,9675.03
100402,110,savings,7521.09
100403,111,checking,5130.0
100403,112,checking,5875.37
100403,113,savings,6079.15
100404,114,checking,7975.27
100404,115,checking,8461.19
100404,116,checking,9959.82
100404,117,savings,5588.5
100404,118,savings,9112.96
100405,119,checking,6023.58
100405,120,checking,5131.93
100405,121,checking,7077.12
100406,122,checking,5240.76
100407,123,checking,6744.38
100407,124,checking,9933.03
100407,125,savings,5598.26
100407,126,savings,6807.27
100407,127,savings,8760.57
100408,128,checking,7735.97
100408,129,savings,7571.37
100408,130,savings,5094.26
100408,131,savings,7716.71
100409,132,checking,9083.14
100409,133,checking,7637.55
100410,134,checking,5814.75
100410,135,checking,8463.4
100410,136,savings,7445.11
100410,137,savings,9314.63
100410,138,savings,7106.04
100411,139,checking,5709.94
100411,140,checking,6052.44
100411,141,checking,8270.77
100411,142,savings,9751.7
100411,143,savings,8573.37
100411,144,savings,6324.86
100412,145,checking,8674.5
100412,146,savings,8411.5
100412,147,savings,9988.12
100412,148,savings,5451.6
100413,149,checking,6252.26
100413,150,checking,9172.33
100413,151,checking,7565.77
100413,152,savings,9108.38
100413,153,savings,6607.06
100414,154,checking,8490.47
100414,155,checking,7019.28
100414,156,savings,5351.44
100415,157,checking,6315.44
100415,158,savings,6702.73
100415,159,savings,6997.86
100415,160,savings,6083.2
100416,161,checking,9861.4
100416,162,checking,7460.15
100416,163,checking,9707.6
100416,164,savings,5624.56
100416,165,savings,7424.44
100417,166,checking,6474.19
100417,167,checking,8619.2
100417,168,checking,6234.42
100417,169,savings,8272.42
100417,170,savings,9176.99
100417,171,savings,8390.61
100418,172,checking,8536.48
100418,173,checking,8864.27
100418,174,savings,5748.01
100418,175,savings,8341.96
100419,176,checking,5464.33
100419,177,savings,7706.86
100419,178,savings,6759.65
100420,179,checking,9249.62
100420,180,checking,9218.93
100420,181,savings,6713.24
100420,182,savings,7090.68
100420,183,savings,5834.28
100421,184,checking,5944.49
100421,185,savings,5110.39
100421,186,savings,5262.27
100422,187,checking,9492.06
100422,188,checking,7592.44
100422,189,savings,5752.2
100422,190,savings,5835.97
100422,191,savings,5148.35
100423,192,checking,6424.11
100423,193,checking,5765.48
100423,194,checking,7461.83
100423,195,savings,8843.58
100424,196,checking,5872.75
100424,197,checking,8200.46
100424,198,savings,8597.36
100425,199,checking,5803.38
100425,200,checking,9798.57
100425,201,savings,9624.46
100426,202,checking,6778.15
100426,203,savings,6663.6
100427,204,checking,8255.12
100427,205,savings,6718.16
100427,206,savings,5341.02
100427,207,savings,7412.06
100428,208,checking,7152.39
100428,209,checking,5329.58
100428,210,checking,5034.06
100428,211,savings,5873.99
100429,212,checking,5639.28
100429,213,checking,6160.3
100429,214,savings,6723.17
100429,215,savings,8619.98
100429,216,savings,6845.65
100430,217,checking,7152.8
100430,218,savings,6216.75
100431,219,checking,5518.2
100431,220,checking,9110.38
100432,221,checking,7572.22
100433,222,checking,7630.15
100433,223,checking,7516.6
100434,224,checking,9860.05
100434,225,checking,5529.51
100434,226,savings,9128.92
100434,227,savings,7755.56
100434,228,savings,7927.41
100435,229,checking,5273.68
100435,230,checking,7363.93
100435,231,checking,5741.61
100436,232,checking,6544.75
100436,233,checking,6745.91
100436,234,checking,7791.12
100436,235,savings,6204.86
100437,236,checking,9255.55
100437,237,savings,9349.84
100437,238,savings,6497.78
100438,239,checking,8052.27
100438,240,checking,9925.87
100438,241,savings,7573.57
100438,242,savings,9153.87
100439,243,checking,9599.46
100439,244,checking,9264.69
100439,245,savings,7340.15
100439,246,savings,9217.76
100439,247,savings,5190.38
100440,248,checking,5004.52
100440,249,checking,5233.19
100440,250,checking,7127.34
100440,251,savings,5399.73
100440,252,savings,8823.49
100441,253,checking,5707.84
100441,254,checking,8899.94
100441,255,checking,8687.27
100441,256,savings,9912.36
100441,257,savings,9257.25
100442,258,checking,7228.28
100442,259,checking,8466.51
100442,260,savings,5481.54
100442,261,savings,7865.59
100443,262,checking,7667.2
100444,263,checking,7769.08
100444,264,savings,8667.3
100444,265,savings,9088.21
100444,266,savings,7677.0
100445,267,checking,5973.03
100445,268,checking,6295.81
100445,269,savings,5982.85
100445,270,savings,5868.06
100446,271,checking,6326.98
100446,272,savings,9130.41
100446,273,savings,6016.54
100446,274,savings,5879.13
100447,275,checking,5934.86
100447,276,checking,7082.87
100448,277,checking,9550.53
100448,278,checking,7442.97
100448,279,savings,7663.11
100448,280,savings,7340.25
100449,281,checking,8738.09
100449,282,checking,8241.57
100449,283,checking,9980.61
100450,284,checking,9337.67
100450,285,checking,5088.67
100450,286,savings,8023.74
100450,287,savings,8404.85
100451,288,checking,8391.96
100451,289,checking,5793.51
100452,290,checking,5424.57
100452,291,savings,8686.01
100453,292,checking,5949.44
100453,293,savings,8019.26
100454,294,checking,8040.3
100454,295,checking,5079.21
100454,296,checking,5074.16
100454,297,savings,6491.69
100454,298,savings,7363.76
100455,299,checking,6885.55
100455,300,checking,9316.79
100455,301,savings,8321.22
100455,302,savings,6318.24
100455,303,savings,7523.52
100456,304,checking,9069.43
100456,305,checking,5322.07
100456,306,checking,5382.68
100457,307,checking,8547.21
100457,308,checking,5183.72
100457,309,checking,8316.31
100458,310,checking,9373.43
100458,311,savings,5840.88
100459,312,checking,9957.25
100459,313,checking,5311.91
100459,314,savings,7813.96
100459,315,savings,5731.98
100460,316,checking,8309.74
100460,317,checking,9496.05
100461,318,checking,7587.76
100461,319,savings,5896.3
100461,320,savings,8843.87
100462,321,checking,9806.36
100462,322,checking,6675.36
100462,323,checking,5996.95
100463,324,checking,9202.17
100464,325,checking,8904.29
100464,326,checking,7951.92
100464,327,savings,8216.55
100464,328,savings,5170.31
100465,329,checking,7530.65
100465,330,savings,6145.03
100465,331,savings,6170.09
100465,332,savings,5083.33
100466,333,checking,8840.14
100466,334,savings,7118.48
100466,335,savings,7825.22
100466,336,savings,5206.69
100467,337,checking,9780.91
100467,338,savings,7562.35
100467,339,savings,6633.79
100467,340,savings,7081.16
100468,341,checking,5959.34
100468,342,savings,8285.15
100468,343,savings,5896.97
100468,344,savings,5407.25
100469,345,checking,7645.6
100469,346,savings,9200.63
100470,347,checking,6368.09
100470,348,savings,5585.66
100470,349,savings,9677.14
100471,350,checking,6050.4
100471,351,checking,6243.95
100471,352,checking,9065.23
100471,353,savings,5723.04
100471,354,savings,8303.83
100471,355,savings,8202.02
100472,356,checking,9535.94
100472,357,checking,9667.46
100472,358,checking,9192.88
100472,359,savings,7377.68
100472,360,savings,6834.27
100473,361,checking,9892.15
100473,362,checking,8852.99
100473,363,savings,9888.53
100474,364,checking,5013.14
100474,365,checking,7359.51
100474,366,checking,5123.52
100474,367,savings,5459.33
100474,368,savings,9547.99
100474,369,savings,7190.55
100475,370,checking,7899.39
100475,371,savings,6020.27
100476,372,checking,6746.36
100477,373,checking,9920.18
100477,374,savings,9087.37
100478,375,checking,9999.86
100478,376,savings,6663.11
100479,377,checking,9493.08
100479,378,savings,7285.35
100479,379,savings,6450.72
100480,380,checking,7982.27
100480,381,checking,8767.11
100480,382,checking,8906.69
100481,383,checking,8680.06
100482,384,checking,9260.16
100482,385,savings,6726.67
100482,386,savings,9084.16
100482,387,savings,6669.37
100483,388,checking,5804.48
100483,389,savings,9034.13
100483,390,savings,8202.39
100484,391,checking,9437.11
100484,392,checking,5286.06
100485,393,checking,9373.31
100485,394,checking,5042.34
100485,395,savings,6377.24
100485,396,savings,7992.57
100485,397,savings,6417.09
100486,398,checking,8847.01
100486,399,savings,5598.31
100486,400,savings,6436.91
100487,401,checking,9541.85
100487,402,checking,7248.86
100487,403,savings,5548.72
100487,404,savings,7982.33
100487,405,savings,9741.68
100488,406,checking,5038.95
100488,407,checking,6243.75
100488,408,checking,9667.53
100488,409,savings,7597.07
100488,410,savings,7387.19
100489,411,checking,5793.91
100489,412,checking,7622.72
100489,413,checking,9515.33
100489,414,savings,9486.68
100489,415,savings,7407.35
100489,416,savings,7725.25
100490,417,checking,7107.79
100490,418,checking,9691.55
100490,419,checking,8288.58
100490,420,savings,6869.36
100490,421,savings,8207.51
100490,422,savings,6525.84
100491,423,checking,6399.9
100491,424,checking,8693.01
100491,425,checking,8201.74
100491,426,savings,8618.37
100492,427,checking,8175.85
100492,428,savings,7268.27
100493,429,checking,6070.88
100493,430,savings,5244.04
100493,431,savings,6631.12
100493,432,savings,5273.16
100494,433,checking,9930.31
100494,434,savings,9105.68
100494,435,savings,8250.46
100494,436,savings,6973.27
100495,437,checking,7398.42
100495,438,checking,9609.59
100495,439,checking,9660.5
100495,440,savings,8246.9
100496,441,checking,8990.43
100496,442,checking,7149.78
100496,443,savings,7066.35
100496,444,savings,7451.97
100497,445,checking,6276.68
100497,446,checking,6284.24
100497,447,checking,6814.58
100498,448,checking,7265.82
100498,449,checking,5855.26
100498,450,checking,5745.69
100498,451,savings,9009.14
100498,452,savings,5174.6
100498,453,savings,5575.03
100499,454,checking,8639.46
100499,455,savings,5769.76
100499,456,savings,8301.44
100500,457,checking,5748.81
100500,458,checking,8225.53
100500,459,savings,6875.43
100501,460,checking,5879.67
100501,461,checking,7473.18
100501,462,checking,8062.71
100502,463,checking,5938.56
100502,464,checking,5723.62
100502,465,checking,7303.04
100502,466,savings,9409.6
100503,467,checking,9031.39
100503,468,savings,9908.63
100503,469,savings,6666.53
100504,470,checking,5013.38
100504,471,checking,6826.01
100504,472,savings,5534.69
100504,473,savings,8919.5
100504,474,savings,8790.12
100505,475,checking,9626.38
100505,476,savings,7180.9
100505,477,savings,5543.82
100506,478,checking,9817.02
100506,479,checking,5021.04
100506,480,checking,9046.92
100506,481,savings,7386.57
100506,482,savings,7976.7
100506,483,savings,6844.18
100507,484,checking,6971.33
100507,485,checking,8342.7
100507,486,checking,5115.46
100507,487,savings,5360.73
100507,488,savings,6316.48
100507,489,savings,5151.16
100508,490,checking,9214.02
100508,491,savings,5990.51
100508,492,savings,6345.0
100508,493,savings,5887.3
100509,494,checking,9906.78
100509,495,savings,5466.3
100509,496,savings,5883.26
100509,497,savings,8853.11
100510,498,checking,5942.26
100510,499,checking,7827.94
100510,500,checking,6983.1
100510,501,savings,6445.6
100511,502,checking,5836.96
100511,503,checking,9006.64
100511,504,savings,9444.28
100511,505,savings,8212.34
100512,506,checking,9028.29
100512,507,savings,7487.97
100513,508,checking,8335.29
100513,509,checking,8179.37
100513,510,savings,5484.8
100513,511,savings,6298.28
100513,512,savings,7004.36
100514,513,checking,9471.85
100514,514,checking,8640.18
100514,515,checking,6124.83
100514,516,savings,6964.82
100515,517,checking,5785.55
100515,518,savings,7953.21
100515,519,savings,8219.25
100515,520,savings,9929.01
100516,521,checking,8837.22
100516,522,checking,9742.75
100516,523,checking,7532.89
100516,524,savings,8479.3
100516,525,savings,7407.06
100517,526,checking,6692.54
100517,527,checking,6693.94
100517,528,savings,6364.54
100518,529,checking,8392.39
100518,530,checking,7079.55
100518,531,checking,8902.32
100518,532,savings,7528.73
100518,533,savings,5935.71
100518,534,savings,8687.4
100519,535,checking,9032.28
100520,536,checking,8408.43
100520,537,checking,6265.66
100520,538,savings,8892.18
100520,539,savings,7079.39
100520,540,savings,8372.31
100521,541,checking,5798.98
100521,542,checking,7411.21
100521,543,checking,9334.01
100521,544,savings,8085.01
100521,545,savings,7301.17
100522,546,checking,8273.36
100522,547,savings,9974.59
100522,548,savings,5925.92
100523,549,checking,8794.86
100523,550,savings,8195.23
100523,551,savings,8594.24
100524,552,checking,8579.18
100524,553,checking,6042.14
100524,554,checking,9662.42
100524,555,savings,7125.07
100525,556,checking,7968.62
100525,557,checking,9902.4
100525,558,savings,6810.54
100525,559,savings,9781.11
100526,560,checking,6241.24
100526,561,checking,8167.29
100527,562,checking,8798.8
100527,563,savings,5314.57
100528,564,checking,5752.68
100528,565,checking,8703.47
100528,566,savings,8304.37
100528,567,savings,8338.42
100528,568,savings,9596.46
100529,569,checking,8888.31
100529,570,checking,7687.57
100529,571,savings,5731.51
100530,572,checking,8747.27
100530,573,checking,7101.62
100530,574,checking,7353.39
100530,575,savings,6200.91
100530,576,savings,6817.68
100531,577,checking,5261.88
100532,578,checking,6823.17
100532,579,savings,6674.83
100533,580,checking,9763.7
100533,581,checking,9023.49
100533,582,checking,9462.84
100534,583,checking,9686.47
100534,584,savings,6214.21
100535,585,checking,5948.52
100535,586,checking,7056.54
100535,587,savings,9757.99
100536,588,checking,9376.04
100536,589,checking,5482.78
100536,590,checking,6689.3
100536,591,savings,7608.12
100537,592,checking,5849.32
100537,593,checking,5452.3
100537,594,savings,9973.96
100537,595,savings,6025.95
100537,596,savings,6123.85
100538,597,checking,6659.29
100538,598,savings,7733.65
100538,599,savings,5999.18
100539,600,checking,8779.68
100539,601,checking,7539.47
100539,602,checking,8344.37
100539,603,savings,8737.44
100540,604,checking,7458.21
100540,605,checking,6321.25
100541,606,checking,5954.85
100541,607,checking,5570.95
100541,608,savings,6154.99
100541,609,savings,7171.53
100542,610,checking,9347.86
100542,611,savings,7346.13
100542,612,savings,5962.02
100543,613,checking,8166.85
100544,614,checking,9084.27
100544,615,savings,9112.98
100544,616,savings,7826.67
100544,617,savings,8073.46
100545,618,checking,7109.5
100546,619,checking,9327.94
100547,620,checking,8057.5
100547,621,checking,9287.54
100547,622,checking,8688.15
100547,623,savings,7326.74
100547,624,savings,5928.08
100547,625,savings,8126.83
100548,626,checking,6759.55
100548,627,checking,6587.89
100548,628,checking,9207.37
100548,629,savings,6507.27
100549,630,checking,6958.58
100549,631,checking,5893.89
100549,632,checking,6523.49
100549,633,savings,6967.29
100549,634,savings,9185.01
100550,635,checking,7566.32
100550,636,checking,7771.52
100551,637,checking,9877.2
100551,638,checking,7687.7
100551,639,checking,9250.14
100552,640,checking,8460.33
100552,641,checking,5507.44
100552,642,savings,8286.78
100553,643,checking,7620.07
100553,644,checking,7937.26
100553,645,checking,6145.47
100553,646,savings,5316.73
100553,647,savings,8963.05
100553,648,savings,8705.2
100554,649,checking,8457.78
100554,650,checking,5260.5
100555,651,checking,9708.84
100556,652,checking,8599.29
100556,653,savings,6803.19
100557,654,checking,7531.04
100557,655,savings,8573.18
100557,656,savings,6147.8
100557,657,savings,9478.23
100558,658,checking,6235.36
100558,659,checking,5700.74
100558,660,savings,5360.95
100558,661,savings,9818.53
100559,662,checking,8334.83
100559,663,checking,6545.56
100559,664,checking,8784.47
100560,665,checking,7821.25
100560,666,checking,8729.84
100560,667,savings,9092.03
100560,668,savings,5861.79
100561,669,checking,6145.09
100561,670,checking,6379.09
100561,671,savings,5182.79
100561,672,savings,7301.26
100561,673,savings,7117.18
100562,674,checking,9032.7
100563,675,checking,7040.92
100563,676,checking,5789.55
100564,677,checking,9300.43
100564,678,checking,7407.49
100564,679,savings,7588.64
100565,680,checking,6121.96
100565,681,savings,7909.08
100566,682,checking,7387.83
100566,683,savings,7819.56
100566,684,savings,6415.81
100567,685,checking,9695.73
100567,686,checking,5092.87
100567,687,savings,5096.12
100567,688,savings,9144.73
100567,689,savings,9359.71
100568,690,checking,6977.03
100568,691,checking,5960.88
100568,692,checking,5797.21
100568,693,savings,6203.38
100569,694,checking,7006.29
100569,695,checking,5759.07
100570,696,checking,5026.9
100570,697,savings,8622.01
100571,698,checking,8881.94
100571,699,checking,5362.48
100571,700,savings,7425.27
100572,701,checking,6836.18
100572,702,savings,8031.27
100573,703,checking,5208.15
100573,704,checking,7631.19
100573,705,checking,5531.99
100574,706,checking,9029.09
100574,707,checking,9984.08
100575,708,checking,8267.49
100575,709,checking,7558.2
100576,710,checking,7856.61
100576,711,savings,5012.26
100576,712,savings,6643.87
100576,713,savings,8961.3
100577,714,checking,5977.27
100578,715,checking,9203.39
100578,716,savings,7487.47
100579,717,checking,5887.53
100580,718,checking,5303.08
100580,719,savings,6829.9
100580,720,savings,6953.71
100581,721,checking,5780.91
100581,722,checking,9573.54
100581,723,savings,7922.81
100581,724,savings,8777.69
100582,725,checking,5072.24
100582,726,savings,5946.15
100583,727,checking,9301.99
100583,728,checking,5955.56
100583,729,savings,9937.73
100583,730,savings,8809.8
100584,731,checking,6388.2
100584,732,checking,7145.51
100585,733,checking,9830.3
100585,734,checking,7347.16
100585,735,savings,8655.33
100585,736,savings,5465.0
100585,737,savings,8080.05
100586,738,checking,6881.38
100586,739,checking,7015.39
100586,740,savings,7558.24
100586,741,savings,8761.88
100587,742,checking,6131.1
100587,743,checking,5426.87
100587,744,savings,7039.47
100587,745,savings,8876.71
100587,746,savings,9578.04
100588,747,checking,9641.4
100588,748,savings,9850.46
100588,749,savings,8439.03
100589,750,checking,5346.14
100589,751,savings,6663.94
100590,752,checking,6121.66
100590,753,checking,5599.5
100590,754,savings,5087.56
100590,755,savings,7313.71
100590,756,savings,9197.23
100591,757,checking,5715.18
100591,758,checking,5242.98
100591,759,savings,8706.2
100592,760,checking,9955.15
100592,761,savings,6637.06
100592,762,savings,7380.05
100593,763,checking,5284.97
100593,764,checking,9823.31
100593,765,checking,9983.59
100593,766,savings,8025.21
100593,767,savings,6756.03
100594,768,checking,9689.47
100594,769,checking,7305.88
100594,770,checking,6415.24
100594,771,savings,8827.35
100594,772,savings,7493.48
100594,773,savings,7806.5
100595,774,checking,9623.99
100595,775,checking,5217.24
100595,776,checking,8690.52
100595,777,savings,5375.24
100595,778,savings,6769.9
100596,779,checking,7388.79
100596,780,checking,5971.86
100596,781,checking,7283.66
100596,782,savings,6250.39
100597,783,checking,6520.92
100597,784,savings,7596.35
100598,785,checking,9602.41
100598,786,checking,6423.45
100598,787,checking,9666.82
100598,788,savings,9158.81
100598,789,savings,5816.61
100598,790,savings,5119.67
100599,791,checking,6485.41
100599,792,checking,7367.13
100599,793,checking,6016.12
100599,794,savings,9316.74
100599,795,savings,7368.0
100600,796,checking,9899.82
100601,797,checking,5594.67
100601,798,checking,5801.55
100601,799,savings,5382.46
100601,800,savings,9976.14
100602,801,checking,5538.4
100602,802,checking,5848.46
100603,803,checking,6635.24
100603,804,checking,7006.95
100603,805,checking,7251.32
100604,806,checking,9204.9
100604,807,savings,9685.2
100605,808,checking,8561.55
100605,809,checking,5318.38
100605,810,checking,6854.29
100605,811,savings,6339.29
100606,812,checking,9213.86
100606,813,checking,7689.21
100606,814,savings,6018.33
100606,815,savings,5165.91
100607,816,checking,9917.83
100607,817,savings,6339.17
100607,818,savings,6898.66
100608,819,checking,9079.36
100608,820,checking,7367.38
100609,821,checking,5866.78
100609,822,checking,8077.87
100609,823,savings,5319.61
100609,824,savings,8931.03
100609,825,savings,9761.91
100610,826,checking,8854.3
100611,827,checking,8160.31
100611,828,savings,8955.32
100611,829,savings,5775.47
100612,830,checking,5072.85
100612,831,checking,7418.3
100612,832,checking,7113.35
100612,833,savings,5670.82
100612,834,savings,6878.94
100613,835,checking,5358.65
100613,836,checking,5555.9
100613,837,checking,5773.46
100613,838,savings,6270.87
100614,839,checking,8123.11
100614,840,checking,8922.3
100614,841,checking,5011.43
100615,842,checking,7489.18
100615,843,checking,5263.52
100615,844,savings,7078.14
100615,845,savings,5058.98
100615,846,savings,8363.55
100616,847,checking,7913.38
100616,848,checking,6285.11
100617,849,checking,7286.28
100617,850,savings,5878.18
100617,851,savings,5670.3
100618,852,checking,8967.69
100618,853,checking,7125.72
100618,854,savings,9626.9
100618,855,savings,7444.63
100618,856,savings,8977.27
100619,857,checking,5609.47
100619,858,checking,6831.26
100619,859,savings,7345.97
100619,860,savings,6345.7
100619,861,savings,9034.12
100620,862,checking,7151.45
100620,863,savings,6894.69
100620,864,savings,5641.27
100620,865,savings,7348.36
100621,866,checking,5571.98
100621,867,checking,6225.77
100622,868,checking,6683.91
100622,869,checking,6853.66
100622,870,checking,8168.45
100622,871,savings,9288.2
100622,872,savings,5055.75
100623,873,checking,8971.38
100623,874,checking,6272.89
100623,875,checking,9247.32
100623,876,savings,8993.01
100624,877,checking,9724.54
100625,878,checking,8313.2
100625,879,savings,5744.77
100625,880,savings,6022.57
100625,881,savings,5062.53
100626,882,checking,8388.39
100626,883,checking,5842.69
100626,884,savings,6768.42
100626,885,savings,8588.63
100627,886,checking,7896.24
100628,887,checking,5631.34
100629,888,checking,9059.85
100629,889,savings,7258.34
100629,890,savings,5544.2
100630,891,checking,9968.32
100630,892,checking,8681.91
100630,893,checking,8856.35
100630,894,savings,5945.78
100631,895,checking,8344.28
100631,896,savings,7530.98
100632,897,checking,9863.96
100633,898,checking,5086.85
100633,899,savings,8814.57
100634,900,checking,7152.59
100634,901,checking,5563.82
100634,902,checking,7220.19
100634,903,savings,7497.83
100635,904,checking,7323.4
100635,905,checking,8447.86
100635,906,checking,5744.84
100635,907,savings,7622.86
100635,908,savings,7316.93
100636,909,checking,7788.99
100636,910,savings,6363.2
100637,911,checking,5803.33
100638,912,checking,7269.43
100638,913,checking,5558.5
100638,914,checking,5920.52
100638,915,savings,8138.59
100638,916,savings,6665.7
100638,917,savings,6843.79
100639,918,checking,9746.11
100639,919,savings,8893.49
100639,920,savings,9158.88
100640,921,checking,6225.95
100640,922,checking,9570.82
100641,923,checking,9981.58
100641,924,checking,7430.73
100641,925,savings,6585.1
100641,926,savings,6629.04
100641,927,savings,6205.53
100642,928,checking,7669.77
100642,929,savings,9449.03
100643,930,checking,9682.39
100643,931,checking,7671.31
100643,932,savings,8057.43
100643,933,savings,8689.48
100644,934,checking,9249.83
100644,935,checking,5088.36
100644,936,checking,5703.0
100645,937,checking,9163.55
100645,938,checking,7012.43
100645,939,checking,7202.07
100646,940,checking,5348.48
100646,941,savings,6051.4
100647,942,checking,8173.8
100647,943,checking,8349.26
100647,944,savings,6611.7
100647,945,savings,9679.05
100647,946,savings,8709.4
100648,947,checking,8951.07
100648,948,checking,7506.3
100648,949,checking,7286.56
100648,950,savings,5424.56
100648,951,savings,8920.14
100648,952,savings,5274.43
100649,953,checking,9035.93
100650,954,checking,6153.82
100650,955,checking,7113.75
100650,956,savings,7797.54
100651,957,checking,7495.67
100651,958,savings,7520.89
100651,959,savings,5184.87
100652,960,checking,9576.92
100652,961,checking,7990.06
100652,962,savings,5286.33
100652,963,savings,5048.65
100652,964,savings,6480.54
100653,965,checking,9957.29
100653,966,savings,7286.34
100654,967,checking,6540.64
100654,968,checking,5591.67
100654,969,savings,5992.84
100654,970,savings,5693.46
100655,971,checking,7831.87
100655,972,checking,5215.58
100655,973,savings,8577.48
100655,974,savings,5020.32
100656,975,checking,9302.55
100656,976,checking,8550.93
100656,977,savings,8202.89
100656,978,savings,7758.74
100657,979,checking,5892.8
100657,980,checking,5531.02
100657,981,checking,7139.84
100657,982,savings,9850.08
100657,983,savings,7416.72
100657,984,savings,7927.7
100658,985,checking,9494.59
100658,986,checking,9674.53
100659,987,checking,5804.95
100659,988,checking,5448.88
100659,989,checking,6581.18
100659,990,savings,6302.55
100659,991,savings,6597.73
100660,992,checking,7813.62
100660,993,savings,8876.3
100661,994,checking,8712.22
100661,995,checking,6939.34
100662,996,checking,6080.3
100662,997,checking,7510.03
100663,998,checking,8232.31
100663,999,savings,7008.36
100663,1000,savings,8074.6
100664,1001,checking,5782.06
100664,1002,checking,7771.66
100665,1003,checking,5041.76
100665,1004,savings,9144.91
100666,1005,checking,7546.48
100666,1006,checking,9019.28
100666,1007,savings,5530.82
100667,1008,checking,9810.83
100667,1009,checking,6173.78
100668,1010,checking,9525.53
100668,1011,checking,8698.42
100668,1012,savings,9536.85
100668,1013,savings,6804.27
100669,1014,checking,7203.3
100669,1015,checking,8514.23
100669,1016,checking,6112.55
100669,1017,savings,7803.9
100669,1018,savings,9856.5
100670,1019,checking,8977.77
100670,1020,checking,7781.26
100670,1021,savings,9324.92
100671,1022,checking,7628.51
100671,1023,savings,5208.07
100671,1024,savings,5462.05
100671,1025,savings,5394.75
100672,1026,checking,7438.39
100672,1027,checking,6885.44
100672,1028,savings,6045.28
100672,1029,savings,8976.23
100672,1030,savings,6027.27
100673,1031,checking,8121.08
100673,1032,checking,5034.54
100674,1033,checking,5750.82
100674,1034,checking,5220.32
100674,1035,savings,6993.82
100674,1036,savings,5865.28
100675,1037,checking,9998.64
100675,1038,savings,6950.95
100675,1039,savings,9236.35
100676,1040,checking,5352.54
100676,1041,checking,8774.59
100676,1042,checking,5812.46
100676,1043,savings,8864.15
100677,1044,checking,6553.46
100677,1045,checking,8115.82
100677,1046,checking,6237.02
100677,1047,savings,9587.77
100677,1048,savings,7633.38
100678,1049,checking,7328.72
100678,1050,checking,5503.25
100678,1051,checking,9791.2
100678,1052,savings,6403.77
100679,1053,checking,8476.79
100679,1054,checking,6762.06
100679,1055,savings,8785.8
100679,1056,savings,5986.66
100680,1057,checking,9830.49
100680,1058,checking,8197.12
100680,1059,savings,6644.59
100680,1060,savings,8993.73
100680,1061,savings,8003.49
100681,1062,checking,6122.54
100681,1063,savings,9831.83
100682,1064,checking,5461.73
100682,1065,savings,9370.81
100683,1066,checking,9265.12
100683,1067,savings,8251.96
100683,1068,savings,8450.63
100684,1069,checking,8559.32
100684,1070,savings,9904.43
100685,1071,checking,7129.12
100685,1072,checking,8441.75
100685,1073,savings,5117.19
100685,1074,savings,7437.56
100686,1075,checking,5584.6
100686,1076,checking,8640.89
100686,1077,savings,5452.15
100687,1078,checking,7357.15
100687,1079,checking,8189.69
100688,1080,checking,5791.41
100688,1081,checking,7680.76
100688,1082,checking,5842.51
100688,1083,savings,7825.75
100688,1084,savings,5263.34
100688,1085,savings,5386.75
100689,1086,checking,7602.98
100689,1087,checking,8915.33
100689,1088,checking,9098.77
100689,1089,savings,5922.16
100690,1090,checking,8418.11
100690,1091,checking,8035.87
100690,1092,checking,5739.36
100690,1093,savings,7289.22
100690,1094,savings,6949.25
100690,1095,savings,6926.45
100691,1096,checking,8562.46
100691,1097,checking,5966.98
100691,1098,checking,7870.03
100691,1099,savings,7081.53
100691,1100,savings,7378.14
100691,1101,savings,7165.4
100692,1102,checking,6535.73
100692,1103,savings,6486.14
100693,1104,checking,7343.61
100693,1105,checking,5896.31
100693,1106,checking,9716.22
100693,1107,savings,9977.59
100693,1108,savings,6040.19
100693,1109,savings,9575.86
100694,1110,checking,7895.75
100695,1111,checking,5767.97
100695,1112,savings,6522.15
100696,1113,checking,6562.02
100696,1114,checking,7533.23
100696,1115,savings,9660.62
100696,1116,savings,9149.21
100696,1117,savings,8478.15
100697,1118,checking,6391.39
100697,1119,checking,8092.1
100697,1120,checking,8822.32
100697,1121,savings,7931.58
100697,1122,savings,5973.7
100697,1123,savings,6535.31
100698,1124,checking,8860.99
100698,1125,checking,7884.54
100698,1126,savings,7299.67
100698,1127,savings,7064.3
100698,1128,savings,5719.02
100699,1129,checking,7256.65
100700,1130,checking,8284.97
100700,1131,checking,8876.13
100700,1132,savings,9343.65
100700,1133,savings,8212.38
100700,1134,savings,5647.14
100701,1135,checking,8806.11
100701,1136,checking,6122.82
100701,1137,savings,6622.64
100701,1138,savings,5434.46
100702,1139,checking,6263.23
100702,1140,checking,8700.8
100702,1141,checking,9528.36
100702,1142,savings,8682.6
100703,1143,checking,6407.94
100703,1144,savings,8224.15
100704,1145,checking,8722.04
100704,1146,checking,9864.65
100704,1147,checking,8711.0
100704,1148,savings,7297.6
100704,1149,savings,8214.1
100704,1150,savings,8864.01
100705,1151,checking,6744.92
100705,1152,checking,7348.44
100705,1153,checking,9259.59
100706,1154,checking,7335.61
100706,1155,checking,9796.29
100707,1156,checking,9372.05
100707,1157,checking,6373.46
100707,1158,savings,6180.88
100708,1159,checking,9897.9
100708,1160,checking,7990.72
100708,1161,savings,7053.19
100709,1162,checking,9408.55
100709,1163,checking,6968.47
100709,1164,checking,6265.45
100709,1165,savings,5316.64
100709,1166,savings,7695.37
100709,1167,savings,5409.49
100710,1168,checking,5675.71
100710,1169,checking,9023.01
100710,1170,savings,7032.52
100711,1171,checking,8398.41
100711,1172,savings,5234.49
100711,1173,savings,8756.0
100712,1174,checking,7665.76
100712,1175,checking,7648.4
100712,1176,checking,9266.03
100713,1177,checking,6279.61
100713,1178,checking,7072.36
100714,1179,checking,5823.84
100715,1180,checking,8378.93
100715,1181,checking,6652.0
100715,1182,savings,7513.85
100715,1183,savings,6366.12
100716,1184,checking,7733.72
100716,1185,savings,9165.0
100716,1186,savings,5633.6
100716,1187,savings,6226.63
100717,1188,checking,6208.35
100717,1189,savings,5707.86
100718,1190,checking,6732.37
100718,1191,checking,7012.83
100718,1192,savings,6145.58
100718,1193,savings,5381.88
100718,1194,savings,8002.38
100719,1195,checking,8127.41
100719,1196,checking,8148.12
100719,1197,savings,7960.65
100720,1198,checking,8414.78
100720,1199,checking,7168.87
100720,1200,checking,5280.93
100720,1201,savings,8966.67
100721,1202,checking,8438.96
100721,1203,savings,7868.1
100721,1204,savings,9964.1
100721,1205,savings,8281.06
100722,1206,checking,7211.97
100722,1207,checking,7147.63
100722,1208,savings,8447.95
100723,1209,checking,7214.13
100723,1210,checking,5069.1
100723,1211,savings,6173.62
100724,1212,checking,7004.71
100724,1213,checking,8892.49
100724,1214,savings,7173.74
100724,1215,savings,8552.78
100724,1216,savings,8185.01
100725,1217,checking,5248.48
100725,1218,checking,5157.65
100725,1219,checking,5793.3
100725,1220,savings,6279.16
100725,1221,savings,8648.06
100726,1222,checking,6177.06
100726,1223,savings,8007.41
100726,1224,savings,6605.67
100727,1225,checking,9649.77
100727,1226,savings,7931.49
100727,1227,savings,9297.74
100728,1228,checking,8666.71
100728,1229,checking,7774.51
100728,1230,savings,8538.5
100728,1231,savings,6446.01
100729,1232,checking,7672.17
100729,1233,checking,6446.5
100729,1234,savings,5536.05
100730,1235,checking,9191.07
100730,1236,checking,9478.57
100731,1237,checking,9040.91
100731,1238,checking,6527.93
100732,1239,checking,9671.32
100732,1240,checking,9389.61
100733,1241,checking,7910.76
100733,1242,checking,6331.17
100733,1243,savings,6768.95
100733,1244,savings,9593.67
100733,1245,savings,9829.22
100734,1246,checking,5019.09
100734,1247,savings,6756.4
100735,1248,checking,8094.21
100735,1249,checking,8125.0
100735,1250,checking,9921.58
100736,1251,checking,7181.48
100736,1252,checking,6289.81
100736,1253,savings,6353.81
100737,1254,checking,8344.87
100737,1255,checking,9159.91
100737,1256,savings,6846.48
100737,1257,savings,7008.26
100737,1258,savings,8490.64
100738,1259,checking,8222.21
100738,1260,checking,8890.22
100738,1261,checking,6708.9
100738,1262,savings,9122.29
100739,1263,checking,5835.33
100739,1264,checking,8656.86
100739,1265,savings,8854.14
100739,1266,savings,9989.17
100739,1267,savings,9864.77
100740,1268,checking,8763.16
100740,1269,savings,5615.61
100740,1270,savings,5716.29
100740,1271,savings,9585.09
100741,1272,checking,6845.89
100741,1273,savings,6761.23
100742,1274,checking,8064.04
100743,1275,checking,6046.26
100744,1276,checking,5883.82
100744,1277,checking,8474.06
100744,1278,checking,5865.92
100744,1279,savings,9666.4
100744,1280,savings,7864.71
100744,1281,savings,8716.63
100745,1282,checking,9677.53
100746,1283,checking,7056.71
100746,1284,checking,6799.27
100746,1285,checking,6354.2
100746,1286,savings,8508.56
100747,1287,checking,5673.12
100748,1288,checking,7191.97
100748,1289,checking,8601.02
100748,1290,savings,6519.99
100749,1291,checking,8298.44
100749,1292,checking,5677.04
100749,1293,checking,7945.31
100750,1294,checking,8477.4
100751,1295,checking,6115.18
100751,1296,checking,8916.02
100751,1297,checking,7777.62
100751,1298,savings,7965.66
100751,1299,savings,7449.63
100752,1300,checking,7188.31
100752,1301,checking,5997.4
100752,1302,checking,5248.21
100752,1303,savings,7110.48
100752,1304,savings,5252.91
100753,1305,checking,6496.42
100753,1306,checking,9348.39
100753,1307,checking,6256.94
100753,1308,savings,8138.76
100753,1309,savings,5232.9
100754,1310,checking,8792.52
100755,1311,checking,9203.16
100755,1312,savings,8552.65
100755,1313,savings,5855.04
100755,1314,savings,8669.57
100756,1315,checking,7954.69
100757,1316,checking,6899.13
100757,1317,checking,6569.25
100757,1318,savings,7833.01
100757,1319,savings,7529.08
100758,1320,checking,8185.13
100758,1321,checking,5225.27
100759,1322,checking,5091.59
100759,1323,checking,9759.49
100760,1324,checking,7499.9
100760,1325,savings,6222.42
100760,1326,savings,6091.63
100761,1327,checking,5693.51
100761,1328,checking,8674.47
100761,1329,savings,6240.45
100761,1330,savings,7325.82
100761,1331,savings,9335.8
100762,1332,checking,9651.07
100763,1333,checking,7233.88
100763,1334,checking,8677.22
100764,1335,checking,7689.13
100764,1336,checking,7347.02
100764,1337,savings,9990.39
100765,1338,checking,7638.56
100765,1339,checking,7966.14
100765,1340,checking,6038.37
100766,1341,checking,6374.73
100766,1342,checking,5577.54
100766,1343,savings,5734.2
100767,1344,checking,5563.45
100767,1345,checking,5456.63
100767,1346,savings,7031.07
100768,1347,checking,6230.2
100768,1348,savings,7955.06
100768,1349,savings,9208.08
100768,1350,savings,8183.03
100769,1351,checking,6900.42
100769,1352,checking,6371.96
100769,1353,savings,9990.8
100769,1354,savings,8431.26
100769,1355,savings,8381.36
100770,1356,checking,7937.88
100771,1357,checking,9433.36
100771,1358,checking,7629.63
100772,1359,checking,6593.3
100772,1360,checking,7947.66
100773,1361,checking,9200.98
100773,1362,savings,5600.13
100773,1363,savings,8758.26
100774,1364,checking,6444.27
100774,1365,checking,6051.81
100774,1366,checking,8143.05
100774,1367,savings,8549.7
100774,1368,savings,5398.91
100774,1369,savings,8050.11
100775,1370,checking,7860.7
100775,1371,checking,5687.85
100775,1372,checking,6472.53
100775,1373,savings,5417.53
100775,1374,savings,8418.44
100776,1375,checking,8762.0
100776,1376,checking,9345.06
100776,1377,savings,8694.75
100776,1378,savings,5830.47
100777,1379,checking,6099.09
100777,1380,savings,8019.43
100778,1381,checking,8403.42
100778,1382,checking,7638.67
100779,1383,checking,8231.96
100779,1384,checking,7203.83
100779,1385,savings,6813.82
100779,1386,savings,6760.07
100779,1387,savings,6582.46
100780,1388,checking,8488.21
100780,1389,checking,9172.91
100780,1390,savings,6252.07
100780,1391,savings,8281.43
100780,1392,savings,7309.29
100781,1393,checking,5778.22
100781,1394,savings,9899.63
100782,1395,checking,5581.55
100782,1396,checking,7567.77
100782,1397,savings,5627.31
100782,1398,savings,6942.94
100783,1399,checking,7148.32
100783,1400,checking,6005.08
100783,1401,savings,5724.28
100783,1402,savings,9932.56
100784,1403,checking,8714.86
100784,1404,savings,5381.14
100785,1405,checking,9725.84
100785,1406,checking,7257.74
100785,1407,checking,7656.61
100786,1408,checking,9346.85
100786,1409,savings,9431.41
100786,1410,savings,5264.52
100786,1411,savings,6179.31
100787,1412,checking,8170.51
100787,1413,savings,7864.85
100788,1414,checking,7730.25
100788,1415,checking,5191.84
100788,1416,savings,8765.53
100788,1417,savings,5122.38
100788,1418,savings,9089.5
100789,1419,checking,6361.34
100789,1420,checking,8658.82
100789,1421,checking,5235.31
100789,1422,savings,7796.79
100790,1423,checking,6806.98
100790,1424,checking,8539.15
100790,1425,checking,7091.33
100790,1426,savings,8176.51
100790,1427,savings,7239.94
100790,1428,savings,5321.76
100791,1429,checking,9294.57
100792,1430,checking,8936.61
100792,1431,savings,5915.05
100793,1432,checking,7079.68
100793,1433,checking,7571.57
100794,1434,checking,6178.09
100794,1435,savings,7961.37
100795,1436,checking,7487.43
100796,1437,checking,8275.53
100796,1438,checking,9734.87
100796,1439,savings,5456.61
100796,1440,savings,6403.13
100796,1441,savings,5122.63
100797,1442,checking,9175.07
100797,1443,checking,7044.71
100797,1444,checking,7200.71
100798,1445,checking,8956.01
100798,1446,checking,7758.18
100798,1447,checking,7185.7
100799,1448,checking,7684.44
100799,1449,checking,8285.82
100799,1450,savings,7042.39
100799,1451,savings,6551.0
100800,1452,checking,9212.05
100800,1453,checking,5775.59
100801,1454,checking,8096.21
100802,1455,checking,8238.44
100802,1456,checking,9324.15
100802,1457,checking,6935.55
100802,1458,savings,5011.2
100803,1459,checking,8394.47
100803,1460,checking,9121.62
100803,1461,checking,7309.85
100804,1462,checking,5030.15
100804,1463,savings,5368.54
100804,1464,savings,8127.85
100804,1465,savings,5646.23
100805,1466,checking,5223.04
100805,1467,checking,9577.08
100805,1468,checking,6763.33
100805,1469,savings,8193.19
100805,1470,savings,7243.2
100805,1471,savings,5804.3
100806,1472,checking,5742.87
100806,1473,checking,6521.8
100806,1474,checking,9253.93
100806,1475,savings,8098.98
100807,1476,checking,8577.72
100807,1477,savings,6657.79
100807,1478,savings,6046.05
100807,1479,savings,5577.8
100808,1480,checking,9499.51
100808,1481,checking,6150.43
100808,1482,checking,9303.11
100809,1483,checking,5624.38
100809,1484,checking,5885.54
100809,1485,savings,7807.45
100809,1486,savings,5297.69
100810,1487,checking,5966.62
100810,1488,checking,8898.82
100811,1489,checking,6896.5
100811,1490,checking,9261.83
100811,1491,checking,7345.51
100812,1492,checking,6365.89
100812,1493,checking,5329.75
100812,1494,savings,8060.15
100813,1495,checking,5679.19
100814,1496,checking,5633.84
100814,1497,savings,8361.69
100815,1498,checking,5439.56
100815,1499,savings,5454.28
100816,1500,checking,6066.13
100816,1501,savings,9304.5
100816,1502,savings,5787.33
100817,1503,checking,5383.73
100817,1504,checking,8937.8
100817,1505,savings,5656.03
100817,1506,savings,5540.14
100818,1507,checking,6949.12
100818,1508,checking,9241.1
100819,1509,checking,6248.12
100819,1510,savings,7732.99
100820,1511,checking,9099.88
100820,1512,checking,9102.15
100820,1513,checking,8122.27
100820,1514,savings,8719.28
100820,1515,savings,8687.3
100821,1516,checking,6894.19
100821,1517,savings,8796.56
100822,1518,checking,8230.56
100822,1519,checking,8033.16
100822,1520,checking,9165.99
100822,1521,savings,7280.24
100822,1522,savings,6830.79
100822,1523,savings,8730.72
100823,1524,checking,6891.62
100823,1525,checking,5950.21
100824,1526,checking,9615.99
100824,1527,checking,8182.59
100824,1528,checking,9980.21
100824,1529,savings,5015.27
100825,1530,checking,8063.61
100825,1531,checking,9421.12
100825,1532,checking,9387.01
100825,1533,savings,8874.06
100826,1534,checking,6945.39
100826,1535,checking,9050.06
100826,1536,checking,9364.42
100827,1537,checking,8987.42
100827,1538,checking,5310.97
100827,1539,checking,6354.1
100827,1540,savings,6347.33
100827,1541,savings,6914.91
100827,1542,savings,8789.84
100828,1543,checking,6753.09
100828,1544,savings,6206.33
100828,1545,savings,5612.89
100828,1546,savings,6680.97
100829,1547,checking,7960.26
100829,1548,checking,6457.76
100829,1549,savings,7926.47
100829,1550,savings,8456.22
100830,1551,checking,9547.0
100830,1552,checking,6124.22
100830,1553,checking,7964.01
100831,1554,checking,8885.4
100831,1555,savings,6685.57
100831,1556,savings,9735.44
100831,1557,savings,8094.48
100832,1558,checking,9676.16
100832,1559,checking,6831.12
100832,1560,checking,7724.03
100832,1561,savings,9131.16
100833,1562,checking,5233.17
100833,1563,checking,7172.92
100834,1564,checking,7566.09
100835,1565,checking,8360.9
100835,1566,checking,5451.2
100835,1567,savings,7098.15
100835,1568,savings,5945.21
100835,1569,savings,7351.52
100836,1570,checking,7347.32
100836,1571,checking,7845.1
100837,1572,checking,8678.81
100838,1573,checking,8064.87
100838,1574,checking,5644.73
100839,1575,checking,7253.7
100839,1576,checking,7393.09
100839,1577,savings,9584.45
100840,1578,checking,6594.86
100840,1579,checking,9429.94
100840,1580,checking,7435.87
100840,1581,savings,9668.56
100840,1582,savings,5063.89
100841,1583,checking,8692.7
100841,1584,checking,5234.19
100841,1585,savings,9846.75
100842,1586,checking,6033.35
100842,1587,checking,9214.12
100843,1588,checking,8311.68
100843,1589,checking,8003.35
100843,1590,checking,8756.84
100844,1591,checking,6133.92
100844,1592,savings,7987.0
100845,1593,checking,5968.94
100845,1594,checking,9592.54
100845,1595,checking,8438.82
100845,1596,savings,8584.66
100845,1597,savings,8493.59
100846,1598,checking,6075.71
100846,1599,checking,9600.22
100846,1600,checking,9744.01
100846,1601,savings,9659.85
100846,1602,savings,9428.7
100847,1603,checking,9616.25
100848,1604,checking,6778.95
100848,1605,savings,8305.3
100849,1606,checking,5953.71
100849,1607,checking,7384.43
100849,1608,savings,8022.21
100849,1609,savings,6469.33
100849,1610,savings,6383.83
100850,1611,checking,8917.36
100850,1612,checking,6461.7
100851,1613,checking,6484.27
100851,1614,checking,9350.41
100852,1615,checking,5023.36
100852,1616,checking,6588.9
100852,1617,savings,6039.33
100852,1618,savings,8221.33
100852,1619,savings,9502.1
100853,1620,checking,5071.96
100853,1621,checking,7712.42
100853,1622,checking,8154.52
100853,1623,savings,7056.04
100853,1624,savings,9305.67
100854,1625,checking,7142.29
100854,1626,checking,9086.51
100854,1627,checking,9227.46
100854,1628,savings,7192.98
100854,1629,savings,7186.96
100854,1630,savings,9552.13
100855,1631,checking,5148.37
100855,1632,savings,8666.93
100855,1633,savings,8245.57
100855,1634,savings,7081.47
100856,1635,checking,6677.52
100856,1636,checking,9028.62
100857,1637,checking,6303.85
100857,1638,checking,7722.99
100857,1639,checking,8581.2
100857,1640,savings,8649.9
100857,1641,savings,5744.75
100857,1642,savings,7275.43
100858,1643,checking,6224.79
100858,1644,checking,8292.45
100858,1645,checking,9965.6
100858,1646,savings,7417.54
100859,1647,checking,6363.84
100859,1648,checking,9004.22
100859,1649,checking,8216.24
100859,1650,savings,5796.76
100859,1651,savings,8233.37
100859,1652,savings,5772.74
100860,1653,checking,7498.75
100860,1654,checking,6382.8
100860,1655,checking,8960.7
100860,1656,savings,5635.91
100861,1657,checking,8064.36
100861,1658,checking,6670.11
100861,1659,savings,5412.82
100862,1660,checking,9125.78
100862,1661,checking,9265.98
100862,1662,savings,7825.16
100862,1663,savings,5920.29
100862,1664,savings,5866.01
100863,1665,checking,7080.77
100863,1666,checking,8009.38
100863,1667,checking,7872.73
100863,1668,savings,8124.48
100863,1669,savings,5040.59
100863,1670,savings,8629.66
100864,1671,checking,6397.72
100864,1672,checking,5243.5
100864,1673,savings,8385.26
100865,1674,checking,9399.3
100865,1675,checking,6399.54
100865,1676,savings,7349.34
100865,1677,savings,5049.43
100866,1678,checking,8837.03
100866,1679,checking,5469.12
100866,1680,savings,8628.97
100866,1681,savings,8441.48
100866,1682,savings,8455.09
100867,1683,checking,8262.27
100867,1684,checking,6281.93
100867,1685,savings,9975.63
100867,1686,savings,9005.11
100868,1687,checking,5634.68
100868,1688,checking,9322.2
100868,1689,savings,5843.24
100868,1690,savings,6689.36
100869,1691,checking,6903.87
100869,1692,checking,9402.34
100870,1693,checking,9678.05
100870,1694,checking,9768.75
100870,1695,savings,5831.5
100870,1696,savings,6372.84
100870,1697,savings,6440.7
100871,1698,checking,8532.17
100871,1699,checking,8796.73
100871,1700,checking,8068.33
100872,1701,checking,6933.56
100872,1702,checking,9818.12
100873,1703,checking,7632.61
100873,1704,checking,5602.04
100873,1705,savings,6275.58
100873,1706,savings,9710.8
100874,1707,checking,9336.45
100874,1708,checking,8994.34
100874,1709,savings,6332.11
100874,1710,savings,9122.38
100875,1711,checking,7981.13
100875,1712,checking,6691.16
100875,1713,savings,6183.16
100875,1714,savings,5798.67
100875,1715,savings,7026.86
100876,1716,checking,5287.34
100877,1717,checking,5157.37
100877,1718,savings,7063.77
100878,1719,checking,7899.1
100878,1720,checking,8915.73
100878,1721,checking,5806.85
100878,1722,savings,8376.12
100878,1723,savings,6989.5
100878,1724,savings,9544.13
100879,1725,checking,9626.94
100879,1726,savings,9401.82
100879,1727,savings,9861.98
100880,1728,checking,6028.51
100880,1729,savings,6705.25
100880,1730,savings,9777.41
100880,1731,savings,8165.03
100881,1732,checking,6048.78
100881,1733,checking,9513.72
100881,1734,checking,7955.88
100881,1735,savings,6086.14
100882,1736,checking,5699.66
100882,1737,checking,5821.82
100882,1738,checking,8182.67
100882,1739,savings,9785.24
100882,1740,savings,5669.88
100883,1741,checking,8613.22
100883,1742,checking,7813.29
100883,1743,savings,7260.92
100883,1744,savings,5802.39
100884,1745,checking,9795.97
100885,1746,checking,5338.59
100885,1747,checking,5672.52
100886,1748,checking,7093.9
100886,1749,checking,8397.78
100886,1750,checking,5307.52
100886,1751,savings,8372.71
100887,1752,checking,6210.44
100887,1753,savings,9538.86
100887,1754,savings,9025.57
100888,1755,checking,8815.17
100888,1756,checking,9877.98
100888,1757,checking,6339.91
100889,1758,checking,8779.83
100889,1759,checking,7794.87
100890,1760,checking,5715.45
100890,1761,checking,6016.92
100890,1762,checking,5948.33
100890,1763,savings,5560.8
100890,1764,savings,6361.06
100890,1765,savings,5771.65
100891,1766,checking,8896.16
100891,1767,checking,9794.48
100891,1768,checking,7268.58
100891,1769,savings,6788.05
100891,1770,savings,5471.23
100891,1771,savings,5457.39
100892,1772,checking,8582.79
100892,1773,checking,6948.07
100892,1774,checking,7424.45
100893,1775,checking,7549.17
100893,1776,checking,9768.51
100893,1777,savings,8780.14
100893,1778,savings,5983.92
100893,1779,savings,8082.07
100894,1780,checking,5217.4
100895,1781,checking,8536.02
100895,1782,checking,5482.08
100896,1783,checking,7029.86
100896,1784,checking,7746.31
100896,1785,savings,9042.93
100896,1786,savings,7523.47
100897,1787,checking,8217.21
100897,1788,savings,9176.48
100897,1789,savings,6724.04
100898,1790,checking,5555.3
100898,1791,checking,8297.03
100898,1792,checking,5081.44
100898,1793,savings,6430.94
100898,1794,savings,9225.51
100898,1795,savings,9925.4
100899,1796,checking,5363.66
100899,1797,checking,9485.81
100899,1798,savings,6469.59
100899,1799,savings,5577.23
100900,1800,checking,9925.61
100900,1801,checking,5477.63
100901,1802,checking,7103.62
100901,1803,checking,7247.76
100901,1804,checking,6390.7
100901,1805,savings,7626.66
100901,1806,savings,6832.2
100902,1807,checking,5722.06
100902,1808,checking,9016.01
100902,1809,checking,6685.36
100902,1810,savings,5806.24
100902,1811,savings,7211.24
100902,1812,savings,8682.08
100903,1813,checking,7790.35
100903,1814,checking,7142.85
100904,1815,checking,8722.67
100904,1816,checking,9061.33
100904,1817,checking,8027.7
100904,1818,savings,8953.19
100904,1819,savings,9886.85
100904,1820,savings,7164.45
100905,1821,checking,8042.31
100905,1822,checking,5735.39
100905,1823,checking,5049.29
100905,1824,savings,6553.57
100905,1825,savings,9226.01
100906,1826,checking,7923.47
100906,1827,checking,7069.54
100906,1828,checking,8000.84
100906,1829,savings,8515.84
100906,1830,savings,9042.4
100907,1831,checking,7714.37
100907,1832,checking,9698.73
100908,1833,checking,8258.0
100908,1834,checking,5360.64
100908,1835,savings,5178.52
100909,1836,checking,9323.17
100909,1837,checking,5663.01
100909,1838,checking,6347.49
100910,1839,checking,5019.04
100910,1840,savings,8209.63
100910,1841,savings,6756.06
100910,1842,savings,9623.19
100911,1843,checking,5526.92
100911,1844,savings,6236.85
100912,1845,checking,5960.06
100912,1846,checking,9222.18
100912,1847,checking,5052.17
100912,1848,savings,7666.88
100912,1849,savings,7707.52
100912,1850,savings,6649.11
100913,1851,checking,5269.1
100913,1852,checking,8707.54
100913,1853,checking,8052.78
100913,1854,savings,5203.13
100913,1855,savings,8820.42
100913,1856,savings,9631.14
100914,1857,checking,9899.31
100914,1858,checking,6383.94
100914,1859,checking,6539.19
100914,1860,savings,7623.06
100915,1861,checking,9044.6
100915,1862,checking,6647.59
100915,1863,savings,8327.56
100915,1864,savings,9561.7
100916,1865,checking,7742.6
100916,1866,savings,6159.84
100916,1867,savings,8146.16
100917,1868,checking,6556.57
100917,1869,savings,8677.2
100918,1870,checking,7586.65
100919,1871,checking,7194.5
100919,1872,checking,6831.68
100919,1873,checking,9871.28
100920,1874,checking,9551.5
100920,1875,savings,7706.62
100921,1876,checking,7352.98
100921,1877,checking,7233.44
100921,1878,checking,5233.24
100922,1879,checking,8611.61
100922,1880,savings,7447.46
100922,1881,savings,5938.44
100922,1882,savings,9755.8
100923,1883,checking,5825.77
100923,1884,savings,7907.61
100923,1885,savings,7121.42
100923,1886,savings,7551.44
100924,1887,checking,5399.32
100924,1888,checking,9664.48
100924,1889,savings,8657.68
100925,1890,checking,7198.18
100925,1891,savings,6666.0
100925,1892,savings,6955.68
100926,1893,checking,5160.02
100926,1894,checking,9210.23
100926,1895,savings,9720.66
100926,1896,savings,9871.5
100927,1897,checking,7092.43
100927,1898,checking,5608.31
100927,1899,savings,7791.54
100927,1900,savings,8325.58
100927,1901,savings,6565.62
100928,1902,checking,7751.07
100928,1903,savings,9581.25
100928,1904,savings,9755.17
100929,1905,checking,9722.16
100929,1906,checking,8656.14
100929,1907,savings,7832.71
100930,1908,checking,8573.05
100930,1909,savings,9166.17
100931,1910,checking,6379.57
100931,1911,savings,6856.81
100932,1912,checking,8129.51
100932,1913,savings,6368.73
100932,1914,savings,8446.75
100932,1915,savings,5787.51
100933,1916,checking,6881.17
100933,1917,savings,8597.58
100933,1918,savings,8369.85
100933,1919,savings,9233.11
100934,1920,checking,7664.99
100934,1921,checking,5750.45
100934,1922,checking,5349.15
100934,1923,savings,6425.85
100934,1924,savings,8830.89
100934,1925,savings,5694.27
100935,1926,checking,8625.1
100935,1927,savings,5998.65
100936,1928,checking,7974.34
100936,1929,checking,5707.74
100936,1930,checking,7529.31
100936,1931,savings,7826.21
100936,1932,savings,7415.2
100936,1933,savings,9331.88
100937,1934,checking,9975.49
100937,1935,savings,5467.85
100937,1936,savings,5141.17
100937,1937,savings,5881.42
100938,1938,checking,9931.88
100938,1939,checking,9833.35
100938,1940,savings,6844.27
100938,1941,savings,6976.54
100939,1942,checking,5225.89
100939,1943,checking,5802.74
100939,1944,checking,5495.36
100939,1945,savings,9839.59
100940,1946,checking,8282.19
100941,1947,checking,6044.03
100941,1948,checking,6121.81
100942,1949,checking,9269.81
100942,1950,checking,6852.11
100942,1951,savings,9265.3
100942,1952,savings,9649.05
100943,1953,checking,6773.8
100943,1954,checking,5941.21
100943,1955,savings,6852.76
100944,1956,checking,8876.59
100944,1957,checking,9141.14
100944,1958,checking,7873.02
100944,1959,savings,5819.53
100944,1960,savings,6861.03
100944,1961,savings,5456.75
100945,1962,checking,8186.46
100945,1963,checking,5890.83
100945,1964,savings,9348.35
100946,1965,checking,6390.08
100946,1966,checking,8314.83
100946,1967,savings,6846.4
100946,1968,savings,8536.13
100947,1969,checking,9348.43
100947,1970,savings,7426.72
100947,1971,savings,8663.91
100948,1972,checking,8577.83
100948,1973,checking,5390.26
100949,1974,checking,8216.6
100949,1975,checking,9687.13
100949,1976,checking,8786.51
100949,1977,savings,5487.36
100949,1978,savings,8817.09
100950,1979,checking,6961.66
100950,1980,checking,9177.06
100950,1981,checking,8985.83
100950,1982,savings,6609.47
100951,1983,checking,8334.53
100952,1984,checking,6087.34
100952,1985,savings,7577.17
100952,1986,savings,8280.49
100952,1987,savings,6667.91
100953,1988,checking,7925.74
100953,1989,checking,8186.24
100953,1990,savings,7168.66
100953,1991,savings,8723.34
100953,1992,savings,7409.79
100954,1993,checking,6392.93
100954,1994,checking,5265.57
100955,1995,checking,8931.26
100955,1996,savings,7173.08
100955,1997,savings,8437.09
100955,1998,savings,6264.97
100956,1999,checking,7860.74
100956,2000,checking,6822.51
100956,2001,checking,9924.04
100956,2002,savings,5974.86
100956,2003,savings,6792.91
100956,2004,savings,8937.36
100957,2005,checking,6362.62
100957,2006,savings,7430.47
100957,2007,savings,5092.05
100958,2008,checking,8998.47
100958,2009,savings,9001.72
100958,2010,savings,8032.7
100958,2011,savings,7414.7
100959,2012,checking,8637.01
100959,2013,savings,8230.44
100959,2014,savings,9281.83
100960,2015,checking,5388.06
100960,2016,checking,8146.11
100960,2017,savings,6827.9
100960,2018,savings,5769.87
100960,2019,savings,7472.75
100961,2020,checking,7742.0
100961,2021,checking,7418.75
100961,2022,checking,5353.6
100961,2023,savings,8172.46
100961,2024,savings,8633.2
100961,2025,savings,6673.3
100962,2026,checking,9526.81
100962,2027,checking,6349.47
100962,2028,checking,8588.39
100962,2029,savings,8088.08
100962,2030,savings,5228.83
100962,2031,savings,9569.45
100963,2032,checking,8392.17
100963,2033,savings,7278.87
100963,2034,savings,7636.79
100963,2035,savings,8147.02
100964,2036,checking,6975.99
100964,2037,checking,5681.92
100964,2038,checking,6269.44
100964,2039,savings,9683.01
100964,2040,savings,8334.82
100964,2041,savings,8530.44
100965,2042,checking,8178.3
100965,2043,checking,6644.87
100965,2044,savings,6842.21
100966,2045,checking,6178.51
100966,2046,savings,8248.11
100966,2047,savings,5229.65
100967,2048,checking,8659.47
100967,2049,checking,6139.3
100967,2050,checking,6229.74
100967,2051,savings,6835.17
100967,2052,savings,8292.52
100967,2053,savings,6688.13
100968,2054,checking,8357.15
100968,2055,checking,7675.33
100968,2056,savings,9978.36
100968,2057,savings,5695.3
100968,2058,savings,9823.52
100969,2059,checking,9914.46
100969,2060,savings,7067.01
100970,2061,checking,7270.61
100970,2062,checking,6235.09
100970,2063,checking,7415.47
100971,2064,checking,5963.16
100971,2065,checking,8052.66
100971,2066,savings,6110.64
100971,2067,savings,7803.64
100971,2068,savings,9133.25
100972,2069,checking,9452.62
100972,2070,checking,6400.04
100973,2071,checking,6885.07
100973,2072,checking,5539.01
100974,2073,checking,6664.49
100974,2074,checking,9029.22
100974,2075,checking,8640.98
100975,2076,checking,9837.29
100975,2077,checking,7224.54
100975,2078,checking,5339.01
100975,2079,savings,5144.88
100975,2080,savings,6303.73
100975,2081,savings,5599.5
100976,2082,checking,8083.41
100976,2083,checking,8733.68
100976,2084,checking,5733.26
100976,2085,savings,9761.82
100976,2086,savings,5449.52
100976,2087,savings,9261.9
100977,2088,checking,7688.23
100977,2089,checking,8864.68
100978,2090,checking,6375.97
100978,2091,checking,5662.76
100978,2092,savings,9307.59
100978,2093,savings,8036.56
100978,2094,savings,5366.79
100979,2095,checking,7748.22
100979,2096,checking,6693.9
100979,2097,checking,5985.84
100979,2098,savings,5581.86
100979,2099,savings,5985.47
100979,2100,savings,7666.49
100980,2101,checking,6713.78
100980,2102,savings,7304.98
100980,2103,savings,5073.65
100981,2104,checking,6885.25
100981,2105,checking,9804.46
100981,2106,checking,8957.59
100981,2107,savings,8556.88
100982,2108,checking,7432.17
100982,2109,checking,9670.08
100982,2110,savings,6914.41
100983,2111,checking,9509.87
100983,2112,checking,5300.38
100983,2113,savings,6111.0
100984,2114,checking,9746.49
100984,2115,checking,6614.73
100984,2116,checking,6230.88
100984,2117,savings,7820.87
100984,2118,savings,9016.34
100984,2119,savings,7779.9
100985,2120,checking,9309.53
100985,2121,checking,9221.71
100985,2122,savings,7512.25
100985,2123,savings,9557.15
100986,2124,checking,5173.47
100986,2125,savings,6713.32
100987,2126,checking,8309.35
100987,2127,checking,5965.46
100987,2128,savings,9065.48
100987,2129,savings,7931.63
100988,2130,checking,5846.11
100988,2131,checking,5180.6
100988,2132,checking,9597.55
100989,2133,checking,5344.9
100989,2134,savings,9799.01
100989,2135,savings,7615.35
100990,2136,checking,7169.84
100990,2137,checking,7088.19
100990,2138,checking,7676.34
100990,2139,savings,5462.85
100990,2140,savings,9851.27
100991,2141,checking,7365.91
100991,2142,checking,9574.9
100991,2143,checking,5839.95
100991,2144,savings,6319.73
100991,2145,savings,9594.29
100991,2146,savings,5173.84
100992,2147,checking,9450.36
100992,2148,checking,9770.58
100993,2149,checking,7509.78
100993,2150,checking,9919.39
100993,2151,checking,8115.12
100993,2152,savings,6766.91
100993,2153,savings,6555.31
100994,2154,checking,5948.72
100994,2155,savings,9287.22
100994,2156,savings,6137.45
100995,2157,checking,7540.02
100995,2158,checking,9644.91
100995,2159,checking,8898.21
100996,2160,checking,8314.64
100996,2161,checking,8649.36
100996,2162,checking,6069.31
100997,2163,checking,6132.99
100997,2164,checking,5815.04
100997,2165,checking,8312.73
100997,2166,savings,5097.08
100998,2167,checking,6161.24
100998,2168,savings,7848.09
100998,2169,savings,9561.31
100998,2170,savings,5402.43
100000,2171,checking,8211.29
100000,2172,checking,5368.29
100000,2173,checking,8301.09
100000,2174,savings,7036.41
100000,2175,savings,8322.99
100001,2176,checking,7875.51
100001,2177,checking,5914.4
100001,2178,savings,5457.44
100001,2179,savings,8480.51
100001,2180,savings,6732.1
100002,2181,checking,8080.52
100003,2182,checking,5925.08
100003,2183,checking,7299.9
100003,2184,checking,6467.78
100003,2185,savings,8080.23
100003,2186,savings,9906.2
100003,2187,savings,8323.98
100004,2188,checking,9593.3
100005,2189,checking,8263.51
100006,2190,checking,8995.23
100006,2191,savings,7531.77
100006,2192,savings,8947.25
100007,2193,checking,9420.79
100007,2194,checking,5195.21
100007,2195,savings,8133.6
100007,2196,savings,9603.79
100007,2197,savings,5051.33
100008,2198,checking,5509.65
100008,2199,checking,7686.09
100008,2200,savings,7279.99
100009,2201,checking,9384.71
100009,2202,checking,6697.35
100010,2203,checking,8987.59
100010,2204,checking,9032.22
100010,2205,checking,5100.59
100010,2206,savings,6977.88
100010,2207,savings,9299.93
100010,2208,savings,8983.62
100011,2209,checking,8271.2
100011,2210,savings,8233.68
100012,2211,checking,9557.65
100012,2212,checking,8028.43
100012,2213,savings,9831.53
100012,2214,savings,8691.21
100012,2215,savings,9131.6
100013,2216,checking,7305.19
100014,2217,checking,8264.91
100015,2218,checking,9645.57
100015,2219,checking,5476.37
100015,2220,checking,7452.61
100015,2221,savings,6782.19
100016,2222,checking,7593.25
100016,2223,savings,9764.82
100016,2224,savings,9926.96
100017,2225,checking,6149.93
100017,2226,checking,7949.91
100017,2227,savings,6572.1
100017,2228,savings,9550.21
100018,2229,checking,5657.63
100018,2230,checking,6150.46
100018,2231,checking,5753.95
100018,2232,savings,9270.04
100018,2233,savings,6089.83
100018,2234,savings,6137.31
100019,2235,checking,5699.08
100019,2236,checking,9095.96
100019,2237,savings,9497.55
100020,2238,checking,6538.85
100020,2239,checking,8290.75
100020,2240,savings,8152.38
100021,2241,checking,5927.31
100021,2242,checking,8851.63
100021,2243,checking,7861.44
100021,2244,savings,8996.79
100022,2245,checking,8609.39
100022,2246,checking,9082.47
100022,2247,checking,7245.56
100022,2248,savings,5901.12
100022,2249,savings,9385.04
100022,2250,savings,6599.53
100023,2251,checking,6652.64
100024,2252,checking,9530.71
100024,2253,savings,6290.27
100025,2254,checking,9559.4
100025,2255,checking,9381.1
100025,2256,savings,7867.24
100025,2257,savings,8695.82
100025,2258,savings,5102.2
100026,2259,checking,6327.53
100026,2260,savings,9401.23
100026,2261,savings,7451.19
100026,2262,savings,5724.75
100027,2263,checking,8055.99
100027,2264,savings,7231.78
100027,2265,savings,7901.11
100027,2266,savings,5703.68
100028,2267,checking,5931.5
100028,2268,checking,7040.46
100028,2269,checking,7468.88
100028,2270,savings,8618.98
100028,2271,savings,8521.79
100028,2272,savings,7551.51
100029,2273,checking,7081.66
100029,2274,checking,5759.12
100029,2275,checking,7636.88
100029,2276,savings,7214.45
100029,2277,savings,8473.05
100030,2278,checking,8636.24
100030,2279,checking,5444.14
100030,2280,savings,6205.62
100030,2281,savings,6093.38
100031,2282,checking,8607.9
100031,2283,checking,5158.67
100031,2284,savings,7141.62
100032,2285,checking,8084.13
100032,2286,checking,5025.12
100032,2287,savings,5866.08
100033,2288,checking,9152.19
100034,2289,checking,6950.89
100035,2290,checking,7904.29
100035,2291,checking,7289.02
100035,2292,savings,5982.88
100035,2293,savings,9356.36
100035,2294,savings,7368.05
100036,2295,checking,6778.26
100036,2296,checking,7664.13
100036,2297,checking,9991.41
100036,2298,savings,6847.56
100037,2299,checking,7859.29
100037,2300,checking,7255.57
100037,2301,checking,7548.84
100037,2302,savings,5930.44
100038,2303,checking,8921.61
100038,2304,checking,5175.6
100038,2305,checking,6578.54
100038,2306,savings,6604.16
100038,2307,savings,7652.38
100039,2308,checking,5095.28
100039,2309,checking,9282.99
100039,2310,checking,7138.92
100039,2311,savings,7278.14
100039,2312,savings,8173.08
100040,2313,checking,8908.71
100040,2314,checking,5893.62
100040,2315,savings,8614.12
100040,2316,savings,8657.33
100041,2317,checking,9924.54
100041,2318,checking,8122.57
100041,2319,checking,6856.04
100041,2320,savings,9847.97
100041,2321,savings,8163.96
100041,2322,savings,9625.98
100042,2323,checking,6771.89
100042,2324,checking,6241.25
100042,2325,checking,9278.62
100042,2326,savings,9973.14
100042,2327,savings,5956.21
100043,2328,checking,7836.54
100044,2329,checking,8937.38
100044,2330,checking,7207.3
100044,2331,checking,9513.8
100045,2332,checking,6628.09
100045,2333,savings,9571.58
100046,2334,checking,9701.53
100047,2335,checking,9968.82
100047,2336,checking,5724.38
100047,2337,checking,8816.66
100047,2338,savings,8841.8
100047,2339,savings,9144.94
100047,2340,savings,9110.97
100048,2341,checking,7305.67
100048,2342,checking,6288.62
100048,2343,savings,5126.97
100048,2344,savings,6352.42
100048,2345,savings,9510.37
100049,2346,checking,8479.36
100049,2347,checking,9242.3
100049,2348,savings,9580.95
100049,2349,savings,9064.37
100049,2350,savings,6562.97
100050,2351,checking,9463.83
100050,2352,savings,6154.65
100050,2353,savings,7625.91
100051,2354,checking,5109.68
100051,2355,savings,8164.11
100051,2356,savings,6359.54
100051,2357,savings,9079.0
100052,2358,checking,5728.5
100053,2359,checking,5484.58
100053,2360,checking,9304.02
100053,2361,savings,7242.06
100053,2362,savings,6383.61
100053,2363,savings,7364.47
100054,2364,checking,9599.94
100054,2365,checking,6817.47
100054,2366,checking,6010.63
100055,2367,checking,8047.27
100055,2368,checking,6410.72
100055,2369,savings,5091.79
100055,2370,savings,5387.11
100055,2371,savings,6682.79
100056,2372,checking,8108.33
100056,2373,checking,5599.59
100056,2374,checking,5084.86
100056,2375,savings,7777.09
100056,2376,savings,7848.31
100056,2377,savings,9864.59
100057,2378,checking,6228.45
100057,2379,checking,8460.27
100057,2380,checking,7660.41
100058,2381,checking,6111.2
100058,2382,checking,8865.69
100058,2383,savings,8482.59
100058,2384,savings,7641.36
100058,2385,savings,7562.46
100059,2386,checking,9261.66
100059,2387,checking,7163.97
100059,2388,checking,7619.81
100060,2389,checking,5374.7
100060,2390,savings,6273.08
100061,2391,checking,6594.82
100062,2392,checking,5146.17
100062,2393,checking,6903.63
100062,2394,savings,9703.96
100062,2395,savings,9730.02
100063,2396,checking,9158.83
100063,2397,checking,7196.93
100063,2398,checking,9684.01
100063,2399,savings,7172.32
100063,2400,savings,6459.62
100064,2401,checking,8472.89
100064,2402,checking,6462.75
100064,2403,savings,6337.08
100065,2404,checking,6588.19
100065,2405,checking,9637.3
100065,2406,savings,9822.86
100066,2407,checking,8008.92
100066,2408,checking,8940.02
100066,2409,checking,6422.95
100067,2410,checking,6135.49
100067,2411,savings,6453.06
100068,2412,checking,8810.27
100068,2413,checking,6776.71
100068,2414,savings,8942.48
100069,2415,checking,6547.31
100069,2416,checking,7706.32
100069,2417,savings,6210.22
100069,2418,savings,6504.01
100070,2419,checking,8352.61
100070,2420,savings,9807.86
100070,2421,savings,6146.94
100070,2422,savings,7510.95
100071,2423,checking,5545.08
100071,2424,checking,5308.78
100071,2425,checking,6267.77
100071,2426,savings,7026.63
100072,2427,checking,8536.33
100072,2428,savings,9139.64
100072,2429,savings,7125.6
100072,2430,savings,7543.95
100073,2431,checking,7034.95
100073,2432,checking,6390.01
100073,2433,savings,6180.16
100074,2434,checking,5251.17
100074,2435,checking,7390.81
100074,2436,checking,8453.52
100075,2437,checking,6574.27
100075,2438,savings,9942.07
100076,2439,checking,5626.36
100076,2440,checking,7261.41
100076,2441,checking,8862.46
100076,2442,savings,5909.08
100077,2443,checking,5262.93
100077,2444,checking,9499.43
100077,2445,savings,5724.93
100077,2446,savings,8450.11
100077,2447,savings,8092.98
100078,2448,checking,9072.78
100078,2449,savings,5344.32
100079,2450,checking,6579.53
100079,2451,checking,9580.44
100079,2452,savings,9678.45
100079,2453,savings,7706.04
100079,2454,savings,5629.79
100080,2455,checking,7330.53
100080,2456,checking,9054.86
100080,2457,savings,8733.46
100080,2458,savings,9291.19
100080,2459,savings,7706.04
100081,2460,checking,5848.44
100081,2461,checking,6480.82
100081,2462,checking,8529.76
100082,2463,checking,6221.61
100082,2464,checking,7314.9
100083,2465,checking,8775.16
100083,2466,savings,5675.86
100083,2467,savings,9530.83
100084,2468,checking,5190.67
100084,2469,checking,8700.77
100084,2470,checking,9933.12
100084,2471,savings,7422.25
100085,2472,checking,8360.71
100085,2473,checking,9848.59
100085,2474,checking,8797.74
100085,2475,savings,6687.61
100085,2476,savings,6336.35
100086,2477,checking,5578.88
100086,2478,savings,6201.79
100086,2479,savings,8073.76
100087,2480,checking,7380.22
100087,2481,checking,9926.02
100087,2482,savings,9262.24
100088,2483,checking,5436.28
100088,2484,savings,8398.28
100088,2485,savings,6905.63
100088,2486,savings,8747.43
100089,2487,checking,5247.28
100089,2488,savings,8093.93
100089,2489,savings,5127.95
100090,2490,checking,5554.62
100090,2491,savings,9631.65
100090,2492,savings,5591.53
100090,2493,savings,7903.95
100091,2494,checking,9501.26
100091,2495,savings,8069.23
100091,2496,savings,8983.86
100091,2497,savings,8805.61
100092,2498,checking,8562.04
100092,2499,checking,5379.49
100092,2500,checking,5075.51
100093,2501,checking,6721.1
100093,2502,savings,9871.33
100094,2503,checking,6855.69
100094,2504,checking,6456.94
100094,2505,savings,7116.12
100094,2506,savings,5220.07
100094,2507,savings,9143.36
100095,2508,checking,7910.46
100095,2509,checking,8578.38
100095,2510,savings,9842.54
100095,2511,savings,7232.46
100096,2512,checking,7543.58
100096,2513,checking,9339.71
100097,2514,checking,9366.51
100097,2515,checking,7456.39
100097,2516,savings,9164.1
100097,2517,savings,7711.44
100098,2518,checking,9757.05
100098,2519,checking,6341.56
100098,2520,savings,8554.51
100099,2521,checking,7372.14
100099,2522,checking,5095.21
100099,2523,checking,5357.32
100099,2524,savings,9614.77
100099,2525,savings,9045.75
100099,2526,savings,6657.58
100100,2527,checking,6638.95
100100,2528,checking,9941.1
100100,2529,checking,6236.48
100100,2530,savings,5003.07
100101,2531,checking,8314.92
100101,2532,checking,8170.09
100101,2533,checking,9019.19
100101,2534,savings,7394.85
100102,2535,checking,9526.91
100102,2536,checking,6853.71
100103,2537,checking,6907.37
100103,2538,checking,5873.25
100103,2539,checking,9903.55
100104,2540,checking,7597.75
100104,2541,checking,9920.99
100104,2542,checking,9882.27
100104,2543,savings,5576.56
100105,2544,checking,9496.99
100105,2545,checking,6504.21
100105,2546,checking,6276.44
100106,2547,checking,5642.39
100106,2548,checking,6225.05
100106,2549,savings,6246.14
100106,2550,savings,8818.52
100107,2551,checking,6142.28
100107,2552,checking,6125.47
100107,2553,checking,5200.14
100107,2554,savings,7924.11
100108,2555,checking,6375.68
100108,2556,checking,5704.76
100108,2557,checking,8459.19
100108,2558,savings,8148.15
100109,2559,checking,5171.26
100110,2560,checking,7612.89
100110,2561,savings,6773.35
100110,2562,savings,6703.94
100111,2563,checking,7080.45
100111,2564,checking,7798.03
100111,2565,checking,5691.07
100111,2566,savings,5344.71
100111,2567,savings,7297.65
100112,2568,checking,6879.02
100112,2569,checking,7913.7
100112,2570,savings,7454.78
100112,2571,savings,8130.06
100113,2572,checking,9193.08
100113,2573,checking,5281.61
100113,2574,savings,9014.87
100113,2575,savings,9837.61
100113,2576,savings,6358.11
100114,2577,checking,8131.0
100114,2578,checking,8642.55
100114,2579,checking,7556.21
100114,2580,savings,8192.88
100114,2581,savings,8710.72
100114,2582,savings,6551.56
100115,2583,checking,6718.97
100115,2584,checking,5997.91
100115,2585,savings,6115.01
100115,2586,savings,5103.41
100116,2587,checking,5976.6
100117,2588,checking,5179.88
100117,2589,checking,8369.45
100117,2590,checking,7053.75
100117,2591,savings,8752.82
100117,2592,savings,9613.27
100118,2593,checking,9155.04
100118,2594,checking,8545.26
100118,2595,checking,7011.65
100118,2596,savings,8264.79
100119,2597,checking,6539.35
100119,2598,checking,7049.01
100120,2599,checking,5382.88
100120,2600,checking,6100.88
100120,2601,checking,6732.48
100120,2602,savings,6782.5
100120,2603,savings,5435.27
100120,2604,savings,9687.09
100121,2605,checking,6943.27
100121,2606,checking,6946.96
100121,2607,checking,7713.47
100121,2608,savings,7956.03
100121,2609,savings,9783.29
100122,2610,checking,9399.69
100122,2611,savings,9055.83
100122,2612,savings,7250.75
100123,2613,checking,6152.08
100123,2614,checking,7143.64
100123,2615,savings,8882.83
100123,2616,savings,8517.08
100124,2617,checking,9140.65
100124,2618,savings,5498.91
100125,2619,checking,7591.28
100125,2620,savings,8718.62
100125,2621,savings,8729.88
100126,2622,checking,5914.54
100126,2623,savings,9382.37
100126,2624,savings,5287.11
100126,2625,savings,9300.42
100127,2626,checking,6435.05
100127,2627,checking,9187.9
100127,2628,savings,5619.21
100128,2629,checking,7340.67
100128,2630,checking,6213.97
100128,2631,checking,7896.96
100128,2632,savings,6732.68
100128,2633,savings,5681.06
100129,2634,checking,7146.69
100129,2635,checking,5314.59
100129,2636,savings,8118.69
100129,2637,savings,6690.1
100129,2638,savings,9745.93
100130,2639,checking,7084.85
100130,2640,savings,6964.74
100130,2641,savings,9982.35
100131,2642,checking,6819.77
100131,2643,savings,5576.7
100132,2644,checking,5188.36
100132,2645,checking,9360.08
100132,2646,checking,8630.03
100132,2647,savings,5018.6
100132,2648,savings,7298.85
100132,2649,savings,9876.31
100133,2650,checking,6361.82
100133,2651,checking,5290.18
100133,2652,checking,8153.63
100133,2653,savings,7893.42
100133,2654,savings,7617.51
100134,2655,checking,6282.1
100134,2656,checking,9990.42
100134,2657,checking,5235.62
100134,2658,savings,9121.81
100134,2659,savings,6945.74
100135,2660,checking,6074.16
100135,2661,checking,6777.23
100135,2662,savings,5942.46
100135,2663,savings,6619.48
100135,2664,savings,6825.07
100136,2665,checking,8813.81
100136,2666,checking,9986.28
100137,2667,checking,7610.81
100137,2668,checking,6763.98
100137,2669,savings,8545.88
100137,2670,savings,6986.98
100138,2671,checking,7007.08
100138,2672,checking,5614.76
100138,2673,savings,5530.72
100139,2674,checking,8577.33
100139,2675,savings,6647.06
100139,2676,savings,5821.27
100139,2677,savings,7565.03
100140,2678,checking,6303.23
100141,2679,checking,5849.88
100141,2680,checking,7990.89
100141,2681,savings,8616.49
100141,2682,savings,8792.34
100142,2683,checking,6879.22
100142,2684,checking,5923.71
100142,2685,savings,7667.97
100143,2686,checking,8672.7
100143,2687,savings,8130.53
100143,2688,savings,9750.88
100143,2689,savings,8087.67
100144,2690,checking,9967.02
100144,2691,savings,5868.82
100144,2692,savings,9065.98
100145,2693,checking,7752.15
100145,2694,checking,8465.95
100145,2695,savings,9857.68
100146,2696,checking,8697.45
100146,2697,savings,5197.31
100146,2698,savings,7908.58
100146,2699,savings,5560.04
100147,2700,checking,8112.78
100147,2701,savings,6867.1
100147,2702,savings,8296.96
100147,2703,savings,8474.2
100148,2704,checking,7311.24
100148,2705,savings,5441.72
100148,2706,savings,9461.02
100148,2707,savings,8283.57
100149,2708,checking,7792.96
100149,2709,checking,7752.77
100149,2710,checking,8042.65
100149,2711,savings,5881.53
100150,2712,checking,6161.34
100150,2713,savings,9848.27
100151,2714,checking,9429.9
100151,2715,checking,9657.46
100151,2716,checking,8092.89
100152,2717,checking,6958.43
100152,2718,savings,6247.08
100152,2719,savings,5932.35
100152,2720,savings,9799.97
100153,2721,checking,8600.18
100153,2722,checking,9162.12
100153,2723,checking,6967.49
100153,2724,savings,7456.96
100153,2725,savings,9467.05
100153,2726,savings,8016.06
100154,2727,checking,7746.3
100154,2728,checking,6005.61
100154,2729,checking,6994.69
100155,2730,checking,6131.72
100155,2731,checking,6057.34
100156,2732,checking,9090.73
100156,2733,savings,9334.95
100157,2734,checking,9105.83
100157,2735,savings,5189.84
100158,2736,checking,7862.77
100158,2737,savings,9624.38
100159,2738,checking,7719.28
100159,2739,checking,9564.62
100160,2740,checking,6300.23
100160,2741,savings,6610.9
100160,2742,savings,6029.17
100161,2743,checking,6719.29
100161,2744,checking,6575.24
100161,2745,checking,9209.0
100161,2746,savings,8118.5
100161,2747,savings,8920.22
100162,2748,checking,9156.47
100162,2749,checking,6163.34
100162,2750,checking,7271.98
100162,2751,savings,8297.33
100163,2752,checking,8149.01
100163,2753,checking,7687.99
100163,2754,checking,9218.2
100163,2755,savings,7538.38
100163,2756,savings,8677.56
100163,2757,savings,6404.77
100164,2758,checking,8119.7
100164,2759,checking,9261.77
100165,2760,checking,7882.0
100165,2761,savings,6893.2
100165,2762,savings,7213.08
100165,2763,savings,6014.04
100166,2764,checking,9579.53
100166,2765,checking,8294.02
100166,2766,savings,5417.2
100166,2767,savings,8414.99
100167,2768,checking,9184.81
100167,2769,checking,9137.27
100167,2770,checking,8483.77
100168,2771,checking,9829.39
100169,2772,checking,7612.83
100170,2773,checking,5280.35
100170,2774,savings,9981.03
100170,2775,savings,5711.83
100171,2776,checking,6310.28
100171,2777,checking,6652.57
100171,2778,checking,6951.2
100172,2779,checking,9931.88
100172,2780,checking,8971.5
100172,2781,checking,7158.84
100172,2782,savings,5885.55
100172,2783,savings,7551.3
100172,2784,savings,6550.54
100173,2785,checking,6721.16
100173,2786,savings,8659.9
100173,2787,savings,5235.39
100173,2788,savings,8461.14
100174,2789,checking,9621.05
100174,2790,checking,9108.04
100174,2791,savings,6401.39
100174,2792,savings,8638.6
100175,2793,checking,7514.19
100175,2794,savings,6842.61
100175,2795,savings,9402.63
100176,2796,checking,8651.9
100176,2797,checking,6821.86
100176,2798,checking,7432.33
100177,2799,checking,5777.09
100177,2800,checking,6351.62
100177,2801,checking,5161.46
100177,2802,savings,8392.2
100177,2803,savings,8810.58
100177,2804,savings,6763.67
100178,2805,checking,9411.71
100178,2806,checking,6194.85
100178,2807,checking,5902.15
100178,2808,savings,8975.14
100178,2809,savings,8122.34
100179,2810,checking,6307.48
100179,2811,checking,8475.92
100179,2812,checking,5498.81
100180,2813,checking,5813.84
100180,2814,savings,5785.91
100180,2815,savings,5510.75
100180,2816,savings,8703.45
100181,2817,checking,7131.71
100182,2818,checking,7258.21
100182,2819,savings,6602.98
100183,2820,checking,7780.94
100183,2821,checking,8016.36
100183,2822,checking,6194.01
100183,2823,savings,5051.46
100183,2824,savings,5320.51
100183,2825,savings,9500.56
100184,2826,checking,6125.44
100184,2827,checking,6986.92
100184,2828,checking,8005.48
100184,2829,savings,6762.34
100184,2830,savings,8214.26
100184,2831,savings,8730.43
100185,2832,checking,8620.6
100185,2833,checking,7497.83
100185,2834,savings,8924.29
100185,2835,savings,8388.54
100185,2836,savings,6807.11
100186,2837,checking,9978.03
100186,2838,checking,9642.37
100186,2839,checking,7395.69
100186,2840,savings,9708.86
100186,2841,savings,8340.26
100186,2842,savings,7952.04
100187,2843,checking,6913.17
100187,2844,checking,7668.59
100187,2845,checking,9852.45
100187,2846,savings,9538.07
100188,2847,checking,9925.46
100188,2848,checking,5596.25
100189,2849,checking,6729.03
100189,2850,checking,8069.75
100189,2851,checking,9170.66
100189,2852,savings,8209.73
100190,2853,checking,6409.68
100190,2854,savings,8228.46
100190,2855,savings,9744.2
100191,2856,checking,7633.67
100191,2857,checking,9345.61
100191,2858,savings,8025.27
100191,2859,savings,6755.83
100192,2860,checking,5518.65
100192,2861,checking,7533.24
100192,2862,checking,5856.4
100192,2863,savings,6660.55
100193,2864,checking,6277.23
100193,2865,checking,6305.15
100193,2866,checking,9833.36
100193,2867,savings,5356.91
100193,2868,savings,5740.73
100194,2869,checking,5452.68
100194,2870,savings,8955.88
100194,2871,savings,6378.18
100194,2872,savings,7357.32
100195,2873,checking,9116.54
100195,2874,checking,9950.66
100195,2875,savings,9166.38
100195,2876,savings,9990.01
100196,2877,checking,5545.16
100196,2878,savings,7462.95
100196,2879,savings,5583.87
100197,2880,checking,7801.82
100197,2881,checking,7364.99
100197,2882,checking,9131.22
100197,2883,savings,5467.23
100198,2884,checking,6085.92
100198,2885,savings,9781.54
100198,2886,savings,6940.91
100198,2887,savings,9185.6
100199,2888,checking,7693.41
100199,2889,savings,9201.45
100199,2890,savings,8299.24
100200,2891,checking,8604.02
100200,2892,checking,6514.54
100200,2893,savings,9679.62
100200,2894,savings,7966.97
100200,2895,savings,8764.16
100201,2896,checking,9046.91
100201,2897,checking,9076.17
100201,2898,checking,8919.05
100201,2899,savings,7775.79
100201,2900,savings,5669.33
100202,2901,checking,5466.92
100202,2902,checking,7806.76
100202,2903,savings,8653.31
100202,2904,savings,7969.78
100203,2905,checking,5034.46
100204,2906,checking,9509.27
100204,2907,checking,9418.43
100204,2908,savings,7211.42
100204,2909,savings,9364.14
100204,2910,savings,9587.99
100205,2911,checking,9055.33
100206,2912,checking,9622.56
100206,2913,savings,8885.86
100206,2914,savings,8136.75
100207,2915,checking,7735.01
100207,2916,savings,8169.03
100207,2917,savings,6913.9
100208,2918,checking,8366.41
100208,2919,savings,9804.22
100209,2920,checking,8107.41
100209,2921,savings,9366.04
100209,2922,savings,7287.81
100210,2923,checking,8101.52
100210,2924,checking,6326.21
100210,2925,savings,9363.55
100211,2926,checking,7248.14
100211,2927,checking,6340.44
100211,2928,checking,8951.89
100211,2929,savings,6862.7
100211,2930,savings,5737.3
100212,2931,checking,9336.09
100212,2932,checking,7517.3
100212,2933,savings,6536.66
100213,2934,checking,5050.95
100213,2935,checking,7091.25
100213,2936,savings,9985.79
100213,2937,savings,6483.31
100213,2938,savings,7752.28
100214,2939,checking,6533.57
100214,2940,checking,5299.15
100214,2941,checking,7295.88
100214,2942,savings,9604.97
100215,2943,checking,7438.79
100215,2944,savings,5417.71
100215,2945,savings,9710.12
100215,2946,savings,9743.47
100216,2947,checking,7973.16
100216,2948,checking,5755.87
100217,2949,checking,8577.08
100217,2950,checking,9653.04
100218,2951,checking,9675.41
100218,2952,checking,6998.77
100218,2953,savings,8005.33
100218,2954,savings,5088.58
100218,2955,savings,5703.02
100219,2956,checking,9400.95
100219,2957,savings,8917.36
100219,2958,savings,6697.77
100219,2959,savings,9277.28
100220,2960,checking,9135.77
100220,2961,savings,9552.07
100220,2962,savings,7540.06
100221,2963,checking,8333.22
100221,2964,checking,8958.83
100221,2965,savings,5678.39
100221,2966,savings,8615.35
100221,2967,savings,6585.43
100222,2968,checking,5365.15
100222,2969,checking,9456.07
100222,2970,savings,9127.77
100222,2971,savings,7071.56
100223,2972,checking,5549.63
100223,2973,checking,8500.1
100223,2974,savings,8291.99
100223,2975,savings,6069.61
100224,2976,checking,8400.69
100224,2977,checking,5996.33
100224,2978,savings,7163.06
100225,2979,checking,9464.32
100225,2980,checking,8179.38
100225,2981,checking,5786.18
100225,2982,savings,6806.84
100225,2983,savings,7235.42
100225,2984,savings,6281.07
100226,2985,checking,8653.53
100226,2986,checking,6065.04
100226,2987,checking,5220.25
100227,2988,checking,6247.41
100227,2989,checking,6918.48
100228,2990,checking,7487.72
100228,2991,checking,7635.01
100228,2992,checking,6281.39
100229,2993,checking,6255.35
100229,2994,checking,5978.67
100229,2995,checking,5916.97
100229,2996,savings,8401.23
100229,2997,savings,9647.93
100229,2998,savings,8353.21
100230,2999,checking,6656.82
100231,3000,checking,5010.17
100231,3001,checking,5314.05
100231,3002,savings,8299.32
100231,3003,savings,8086.95
100231,3004,savings,9736.03
100232,3005,checking,5783.8
100232,3006,checking,5658.98
100232,3007,savings,9495.07
100232,3008,savings,5986.99
100232,3009,savings,5412.56
100233,3010,checking,8731.68
100233,3011,savings,7302.36
100234,3012,checking,6712.58
100235,3013,checking,9439.54
100235,3014,savings,5422.49
100236,3015,checking,6763.98
100236,3016,checking,6648.19
100236,3017,savings,7655.04
100236,3018,savings,9149.66
100236,3019,savings,5610.24
100237,3020,checking,6491.98
100237,3021,savings,8136.04
100238,3022,checking,5892.61
100238,3023,checking,5890.68
100238,3024,savings,9783.23
100238,3025,savings,6352.77
100238,3026,savings,6614.38
100239,3027,checking,8442.03
100239,3028,checking,6772.09
100239,3029,checking,9965.41
100239,3030,savings,5268.21
100239,3031,savings,5827.63
100240,3032,checking,6654.07
100240,3033,checking,9148.39
100240,3034,savings,9097.56
100240,3035,savings,5762.28
100240,3036,savings,9080.25
100241,3037,checking,5489.22
100241,3038,checking,7221.09
100241,3039,checking,7572.01
100241,3040,savings,5878.19
100241,3041,savings,5760.68
100241,3042,savings,9008.26
100242,3043,checking,9953.47
100242,3044,savings,9492.83
100242,3045,savings,5015.87
100243,3046,checking,7141.8
100243,3047,checking,9100.8
100243,3048,checking,9303.46
100243,3049,savings,7127.07
100243,3050,savings,6203.35
100243,3051,savings,7007.69
100244,3052,checking,6417.48
100244,3053,checking,6865.28
100244,3054,savings,5795.24
100245,3055,checking,8524.55
100245,3056,checking,5612.7
100245,3057,checking,8939.56
100246,3058,checking,8815.0
100246,3059,checking,9170.15
100246,3060,savings,9794.26
100246,3061,savings,5436.07
100247,3062,checking,7812.51
100247,3063,savings,9799.64
100247,3064,savings,8243.22
100248,3065,checking,7411.5
100248,3066,checking,5308.54
100248,3067,savings,5118.73
100248,3068,savings,9215.79
100249,3069,checking,6336.16
100249,3070,checking,7595.9
100249,3071,savings,6861.53
100250,3072,checking,9509.43
100250,3073,checking,6881.12
100251,3074,checking,8684.39
100252,3075,checking,5785.3
100252,3076,checking,8287.98
100252,3077,savings,9679.91
100252,3078,savings,8270.44
100252,3079,savings,5604.63
100253,3080,checking,6788.63
100253,3081,savings,5171.07
100254,3082,checking,5755.85
100254,3083,checking,9046.1
100254,3084,savings,6046.7
100254,3085,savings,8728.63
100254,3086,savings,6105.56
100255,3087,checking,9007.95
100255,3088,savings,9119.64
100256,3089,checking,5249.61
100256,3090,checking,5555.79
100256,3091,checking,9043.11
100257,3092,checking,9976.78
100257,3093,checking,7017.11
100257,3094,checking,9386.42
100257,3095,savings,6028.8
100257,3096,savings,9129.02
100257,3097,savings,9632.87
100258,3098,checking,5689.41
100258,3099,savings,9662.74
100258,3100,savings,8549.56
100258,3101,savings,8677.4
100259,3102,checking,5651.16
100259,3103,checking,5675.48
100259,3104,checking,5714.7
100260,3105,checking,7961.27
100260,3106,checking,7097.68
100260,3107,checking,7050.31
100260,3108,savings,7046.98
100260,3109,savings,7228.23
100261,3110,checking,8507.73
100261,3111,savings,5917.71
100262,3112,checking,8355.9
100262,3113,checking,9746.28
100262,3114,checking,6070.06
100263,3115,checking,8224.69
100263,3116,savings,6511.51
100264,3117,checking,8407.23
100264,3118,checking,6549.52
100264,3119,checking,7118.1
100264,3120,savings,6122.17
100264,3121,savings,5676.19
100265,3122,checking,7887.81
100265,3123,checking,5759.44
100266,3124,checking,9052.26
100266,3125,checking,5712.62
100266,3126,savings,6215.92
100267,3127,checking,7352.47
100267,3128,checking,5548.09
100267,3129,savings,6213.1
100268,3130,checking,9092.7
100268,3131,checking,5312.3
100268,3132,checking,7342.76
100268,3133,savings,8128.93
100269,3134,checking,6065.58
100269,3135,savings,7021.75
100269,3136,savings,9815.0
100270,3137,checking,6719.07
100270,3138,savings,6447.12
100271,3139,checking,9245.25
100271,3140,savings,6920.36
100271,3141,savings,5974.72
100271,3142,savings,5586.67
100272,3143,checking,8898.25
100272,3144,checking,7625.61
100272,3145,savings,8965.04
100272,3146,savings,8911.54
100272,3147,savings,7740.27
100273,3148,checking,9017.96
100273,3149,savings,6595.39
100273,3150,savings,6515.5
100273,3151,savings,7164.02
100274,3152,checking,8608.15
100274,3153,checking,7214.8
100274,3154,savings,8762.41
100274,3155,savings,8019.6
100275,3156,checking,8138.94
100275,3157,checking,6730.53
100275,3158,checking,5119.58
100276,3159,checking,9044.33
100276,3160,savings,6566.55
100276,3161,savings,9527.67
100277,3162,checking,8861.12
100277,3163,checking,5908.51
100277,3164,checking,5965.12
100277,3165,savings,6101.98
100278,3166,checking,9404.31
100278,3167,checking,9361.57
100278,3168,savings,6391.26
100278,3169,savings,6223.08
100278,3170,savings,9607.62
100279,3171,checking,5247.18
100279,3172,checking,7748.4
100279,3173,savings,8601.48
100279,3174,savings,6758.99
100279,3175,savings,8323.53
100280,3176,checking,5657.53
100280,3177,checking,8894.96
100281,3178,checking,9611.24
100281,3179,checking,9333.95
100281,3180,checking,8272.41
100282,3181,checking,5451.75
100282,3182,savings,8464.37
100282,3183,savings,5484.9
100283,3184,checking,7888.43
100283,3185,checking,6950.35
100284,3186,checking,5241.09
100284,3187,checking,6722.7
100284,3188,checking,9439.61
100284,3189,savings,8488.62
100284,3190,savings,6116.9
100285,3191,checking,6335.32
100285,3192,checking,5136.73
100286,3193,checking,7380.67
100286,3194,checking,5230.75
100286,3195,savings,5554.7
100287,3196,checking,5968.85
100287,3197,checking,6691.74
100287,3198,checking,8276.63
100287,3199,savings,8703.08
100288,3200,checking,6586.97
100289,3201,checking,5861.58
100289,3202,checking,6429.12
100289,3203,savings,8582.45
100289,3204,savings,7953.76
100289,3205,savings,8326.71
100290,3206,checking,5667.1
100290,3207,checking,5419.3
100290,3208,checking,9203.0
100290,3209,savings,6373.86
100291,3210,checking,7114.92
100291,3211,savings,9212.34
100291,3212,savings,5253.14
100292,3213,checking,8581.75
100292,3214,checking,9755.25
100292,3215,checking,9653.75
100292,3216,savings,8367.18
100292,3217,savings,5572.7
100292,3218,savings,8654.97
100293,3219,checking,7619.38
100293,3220,savings,6962.69
100293,3221,savings,8157.19
100294,3222,checking,5456.55
100294,3223,savings,9856.84
100295,3224,checking,5468.51
100295,3225,checking,5337.6
100295,3226,checking,8566.63
100296,3227,checking,6898.96
100296,3228,checking,9810.45
100297,3229,checking,9662.05
100297,3230,savings,8485.79
100297,3231,savings,8303.43
100298,3232,checking,9504.88
100299,3233,checking,5726.98
100299,3234,checking,9880.52
100299,3235,savings,5949.22
100300,3236,checking,9836.2
100300,3237,checking,6633.29
100300,3238,checking,8424.39
100301,3239,checking,9229.4
100301,3240,checking,6646.06
100302,3241,checking,7628.44
100302,3242,savings,5730.87
100302,3243,savings,5387.58
100303,3244,checking,9200.49
100303,3245,checking,7744.1
100303,3246,savings,6710.48
100304,3247,checking,9383.91
100304,3248,checking,9941.69
100304,3249,checking,9363.55
100305,3250,checking,7607.81
100305,3251,checking,9778.08
100305,3252,checking,6175.27
100305,3253,savings,9314.05
100305,3254,savings,6137.9
100306,3255,checking,8409.38
100306,3256,savings,8147.54
100306,3257,savings,6727.78
100306,3258,savings,5991.91
100307,3259,checking,7070.04
100307,3260,checking,8427.7
100307,3261,checking,8124.71
100307,3262,savings,5347.38
100307,3263,savings,5039.3
100307,3264,savings,7842.83
100308,3265,checking,6152.58
100309,3266,checking,6325.14
100309,3267,checking,8820.12
100309,3268,savings,7410.0
100309,3269,savings,8841.11
100309,3270,savings,5965.51
100310,3271,checking,8992.77
100310,3272,savings,8270.14
100310,3273,savings,9076.67
100311,3274,checking,8974.96
100311,3275,checking,5896.94
100311,3276,checking,6239.8
100311,3277,savings,7942.58
100311,3278,savings,8445.91
100311,3279,savings,5792.68
100312,3280,checking,6102.99
100312,3281,checking,8420.61
100312,3282,checking,7428.35
100312,3283,savings,7127.77
100313,3284,checking,7824.7
100313,3285,checking,6641.98
100313,3286,checking,7606.18
100313,3287,savings,9452.8
100313,3288,savings,5093.97
100313,3289,savings,6366.64
100314,3290,checking,8179.17
100314,3291,checking,6828.5
100314,3292,checking,6297.04
100314,3293,savings,7796.6
100314,3294,savings,9840.66
100314,3295,savings,6693.92
100315,3296,checking,8467.5
100315,3297,checking,9392.01
100315,3298,checking,5465.09
100316,3299,checking,6343.35
100316,3300,savings,9538.56
100316,3301,savings,9854.09
100317,3302,checking,7667.44
100317,3303,checking,5589.77
100317,3304,savings,7344.48
100317,3305,savings,9219.2
100318,3306,checking,9721.66
100318,3307,savings,8871.36
100318,3308,savings,6516.61
100319,3309,checking,9323.64
100320,3310,checking,8665.02
100320,3311,savings,8342.72
100320,3312,savings,7673.65
100321,3313,checking,9258.88
100321,3314,checking,9051.6
100321,3315,savings,9459.79
100322,3316,checking,5495.82
100322,3317,savings,5476.86
100322,3318,savings,9598.6
100322,3319,savings,9448.27
100323,3320,checking,6905.27
100323,3321,checking,5135.95
100323,3322,savings,7669.35
100323,3323,savings,7197.03
100324,3324,checking,7721.81
100324,3325,checking,5017.87
100324,3326,savings,7833.95
100325,3327,checking,5870.82
100325,3328,checking,7203.84
100325,3329,savings,6238.01
100325,3330,savings,7993.83
100326,3331,checking,6882.98
100326,3332,savings,9211.64
100326,3333,savings,7741.41
100327,3334,checking,8502.97
100327,3335,savings,8191.65
100327,3336,savings,8305.08
100328,3337,checking,7120.07
100328,3338,savings,8428.75
100328,3339,savings,7998.41
100328,3340,savings,6059.97
100329,3341,checking,8714.53
100329,3342,checking,5716.38
100329,3343,checking,9390.63
100329,3344,savings,8810.03
100329,3345,savings,6241.42
100330,3346,checking,9342.05
100330,3347,savings,8232.76
100331,3348,checking,6162.32
100331,3349,checking,8847.66
100331,3350,savings,7018.18
100331,3351,savings,7587.95
100332,3352,checking,8339.33
100332,3353,checking,9364.4
100332,3354,checking,8980.78
100333,3355,checking,9041.12
100333,3356,checking,5039.64
100333,3357,checking,5979.94
100334,3358,checking,9712.77
100334,3359,checking,5404.2
100334,3360,savings,6205.92
100334,3361,savings,7070.52
100334,3362,savings,9456.49
100335,3363,checking,8683.72
100335,3364,checking,7541.03
100335,3365,checking,5092.48
100336,3366,checking,8122.65
100336,3367,checking,7485.86
100336,3368,checking,5965.05
100336,3369,savings,8128.35
100336,3370,savings,8245.79
100336,3371,savings,8503.12
100337,3372,checking,5557.53
100337,3373,checking,9037.82
100337,3374,checking,9198.82
100337,3375,savings,8745.77
100337,3376,savings,7748.95
100337,3377,savings,8673.91
100338,3378,checking,5925.31
100338,3379,checking,8451.12
100338,3380,checking,5837.76
100338,3381,savings,8858.38
100338,3382,savings,7467.29
100338,3383,savings,8871.67
100339,3384,checking,6347.72
100339,3385,checking,6149.21
100339,3386,checking,6040.54
100339,3387,savings,7576.96
100339,3388,savings,5059.37
100339,3389,savings,9380.97
100340,3390,checking,8336.97
100340,3391,checking,9742.87
100341,3392,checking,7080.22
100341,3393,savings,7856.89
100342,3394,checking,6763.12
100342,3395,savings,7401.07
100342,3396,savings,7731.62
100343,3397,checking,8137.72
100343,3398,checking,5937.38
100343,3399,savings,6416.91
100343,3400,savings,8285.19
100344,3401,checking,6821.64
100344,3402,checking,8943.86
100344,3403,savings,5810.5
100344,3404,savings,8195.81
100344,3405,savings,7577.44
100345,3406,checking,8989.9
100346,3407,checking,8162.9
100346,3408,checking,5698.36
100346,3409,checking,6444.99
100346,3410,savings,6157.97
100346,3411,savings,8948.03
100347,3412,checking,9894.96
100347,3413,checking,6848.02
100347,3414,checking,7269.99
100348,3415,checking,9418.6
100348,3416,checking,5249.02
100348,3417,checking,8969.03
100348,3418,savings,7348.54
100348,3419,savings,6477.45
100348,3420,savings,5674.61
100349,3421,checking,8294.19
100350,3422,checking,7537.7
100350,3423,checking,5404.65
100351,3424,checking,7530.87
100351,3425,savings,7670.55
100352,3426,checking,6620.22
100352,3427,checking,5420.15
100352,3428,checking,5836.06
100352,3429,savings,8808.13
100352,3430,savings,9207.67
100352,3431,savings,8426.3
100353,3432,checking,7736.93
100353,3433,savings,7383.91
100353,3434,savings,5182.0
100354,3435,checking,6312.5
100354,3436,checking,7474.42
100354,3437,checking,5955.94
100354,3438,savings,5082.37
100355,3439,checking,8992.02
100355,3440,savings,5305.7
100355,3441,savings,7224.38
100356,3442,checking,8017.3
100356,3443,savings,9130.33
100357,3444,checking,7375.54
100357,3445,checking,9113.43
100357,3446,savings,6672.12
100357,3447,savings,7545.7
100358,3448,checking,7685.74
100358,3449,checking,5613.52
100358,3450,checking,6508.98
100358,3451,savings,6393.92
100358,3452,savings,5960.74
100358,3453,savings,8526.86
100359,3454,checking,7862.48
100359,3455,checking,6575.08
100359,3456,savings,7605.11
100359,3457,savings,7106.15
100360,3458,checking,6131.06
100360,3459,savings,9281.47
100360,3460,savings,9841.23
100360,3461,savings,5507.0
100361,3462,checking,6642.58
100361,3463,savings,8962.12
100362,3464,checking,6854.7
100362,3465,checking,6603.42
100362,3466,checking,6599.9
100362,3467,savings,6295.04
100362,3468,savings,5135.15
100362,3469,savings,6246.66
100363,3470,checking,5148.14
100363,3471,checking,9731.07
100363,3472,savings,9799.1
100363,3473,savings,8481.94
100363,3474,savings,5362.13
100364,3475,checking,9098.08
100364,3476,savings,8144.98
100364,3477,savings,6540.13
100364,3478,savings,7343.73
100365,3479,checking,5761.57
100365,3480,checking,5998.24
100365,3481,checking,6700.44
100365,3482,savings,7573.3
100365,3483,savings,5740.78
100366,3484,checking,7792.94
100366,3485,checking,6394.31
100366,3486,savings,8360.4
100367,3487,checking,8513.54
100367,3488,checking,8046.43
100367,3489,checking,5554.06
100367,3490,savings,6366.77
100367,3491,savings,8778.94
100367,3492,savings,9429.8
100368,3493,checking,7866.8
100369,3494,checking,6459.03
100369,3495,savings,5168.52
100369,3496,savings,7181.64
100369,3497,savings,8545.74
100370,3498,checking,8310.85
100370,3499,checking,8361.46
100370,3500,savings,7311.05
100370,3501,savings,7277.71
100370,3502,savings,8026.79
100371,3503,checking,7834.89
100371,3504,checking,9168.75
100371,3505,checking,6751.25
100371,3506,savings,7633.29
100371,3507,savings,9191.86
100371,3508,savings,9059.4
