customer_id,name,username,password,salary,raise
100927,Stephen Stone,sstone51n,12345_7,8980.8,0.015592340818923075
100928,Vanessa Aguilar,vaguilar71a,12345_7,6586.67,0.01916417194795071
100929,Gregory Williams II,gwilliams81y,12345_7,7210.32,0.0005117525848998539
100930,James Farrell,jfarrell72s,12345_5,7254.13,0.018254159392535076
100931,Vanessa Lawrence,vlawrence81a,12345_7,3204.19,0.005365311103143524
100932,Christopher Grimes,cgrimes62r,12345_11,7276.74,0.01570650636280207
100933,Michelle Riley,mriley52e,12345_8,5613.28,0.0071481829029867725
100934,Andrew Molina,amolina60w,12345_6,4267.74,0.005810699779021322
100935,Malik Contreras,mcontreras92k,12345_5,4137.93,0.0032804695569470235
100936,Kevin Reyes,kreyes52n,12345_5,4512.27,0.017434378694927324
100937,Andrew Rojas,arojas50w,12345_6,3837.82,0.0022043688087708692
100938,Karen Ryan,kryan42n,12345_5,5377.94,0.01620930532791519
100939,Carolyn Ferguson,cferguson81n,12345_7,6690.11,0.016970056854060847
100940,Danielle Williams,dwilliams82e,12345_8,4967.34,0.012681214053052342
100941,Douglas Bell,dbell41s,12345_7,7432.36,0.012292672011980761
100942,Makayla Burgess,mburgess71a,12345_7,8078.56,0.007403707060533138
100943,Denise Kelley,dkelley60e,12345_6,7214.27,0.01113960537189202
100944,Clarence Fernandez,cfernandez92e,12345_8,9873.3,0.0017089785595314911
100945,Nicholas Brooks,nbrooks62s,12345_8,5328.56,0.011131310260064866
100946,Renee Sutton,rsutton62e,12345_5,4844.9,0.019898985470635226
100947,Amanda Sanchez,asanchez70a,12345_6,7109.08,0.009189245918435389
100948,Christopher Smith,csmith52r,12345_11,7133.09,0.010582673836963676
100949,Christina Brewer,cbrewer60a,12345_9,4132.18,0.001252346408750742
100950,Regina Hernandez MD,rhernandez90a,12345_6,7450.14,0.0034444410856174622
100951,Taylor Hill,thill40r,12345_6,4463.34,0.003998583893464589
100952,Miss Cindy Jacobson,mcindy51s,12345_4,6412.26,0.0015488452497421502
100953,Kristin Mendoza,kmendoza71n,12345_7,4618.89,0.005692187953360675
100954,Michelle Morgan,mmorgan62e,12345_8,6801.76,0.0170317037595622
100955,Thomas Martin,tmartin60s,12345_6,3858.21,0.0064025768626843815
100956,Alex Ferguson,aferguson81x,12345_4,3018.4,0.00897901395711771
100957,Bradley King,bking41y,12345_7,5749.91,0.01603327486747873
100958,Dr. Stephanie Miller,dstephanie90.,12345_3,2755.95,0.013783456365017868
100959,Angela Garcia,agarcia60a,12345_6,7996.08,0.003714690738253772
100960,Wendy Brown,wbrown52y,12345_5,5558.71,0.011622504382281905
100961,Robert Frazier,rfrazier70t,12345_6,3299.49,0.013290167358554166
100962,Darrell Brown,dbrown51l,12345_7,4076.49,0.011842772102804733
100963,Jorge Weaver,jweaver62e,12345_5,6023.38,0.005593682553638706
100964,Nicole Luna,nluna40e,12345_6,4982.3,0.0012399568880547963
100965,Katherine Robinson,krobinson80e,12345_9,6070.91,0.002678836054143734
100966,Michael Harris,mharris61l,12345_7,3920.66,0.0005242700182064808
100967,Jared Newton,jnewton62d,12345_5,4498.84,0.010828984733200254
100968,Lisa Hines,lhines51a,12345_4,7148.13,0.009333199048680971
100969,Jordan Wilkerson,jwilkerson90n,12345_6,4684.82,0.018487269850975343
100970,David Schmidt,dschmidt72d,12345_5,6116.55,0.0037562006741321753
100971,Donna Vaughn,dvaughn62a,12345_5,5690.92,0.010716669259276333
100972,Cheryl Kelly,ckelly50l,12345_6,5981.05,0.011770699942736303
100973,Carlos Anderson,canderson80s,12345_6,4841.57,0.00916339896316134
100974,William York,wyork41m,12345_7,6589.05,0.014232144095205559
100975,Sherry Roberts,sroberts70y,12345_6,5989.24,0.018653825549471
100976,James Grant,jgrant52s,12345_5,5751.5,0.015467122472967849
100977,Logan George,lgeorge62n,12345_5,8043.76,0.007656379084067495
100978,Albert Potter,apotter60t,12345_6,4390.62,0.0013365446824593397
100979,James Bell,jbell42s,12345_5,6034.8,0.00882384318260436
100980,Daniel Rivera,drivera60l,12345_6,7709.28,0.012062992701329496
100981,Craig Arnold,carnold62g,12345_5,8238.4,0.006826503186085249
100982,Scott Wade,swade42t,12345_5,5954.14,0.0001947334681402846
100983,Jeffrey Smith,jsmith51y,12345_7,2483.83,0.0041078313319295725
100984,Mr. Joseph Baker,mjoseph60.,12345_3,7895.12,0.003444723377838672
100985,Jacob Silva,jsilva52b,12345_5,5197.92,0.006061695307635762
100986,Jorge Calhoun,jcalhoun72e,12345_5,7872.71,0.01494387541692855
100987,David Miles,dmiles52d,12345_5,3594.43,0.011022798905627317
100988,Jennifer Clements,jclements82r,12345_8,3664.46,0.009345045706860624
100989,Matthew Blair,mblair51w,12345_7,4187.94,0.00278080187638724
100990,Michael Maldonado,mmaldonado91l,12345_7,1339.31,0.004903933251474684
100991,Scott Gray,sgray42t,12345_5,7076.54,0.018756902279300713
100992,Tracy Moore,tmoore52y,12345_5,4364.4,0.008313442462520066
100993,David Lynn,dlynn42d,12345_5,3702.61,0.0065236904364655394
100994,Shawn Bray,sbray42n,12345_5,4812.17,0.013773783274522647
100995,Rebecca Alexander,ralexander91a,12345_7,6134.16,0.011563481917973935
100996,Ashley Peterson,apeterson80y,12345_6,5049.04,0.019546140676391675
100997,Christine Flores,cflores60e,12345_9,6968.6,0.009489226813408911
100998,Alexis Pratt,apratt50s,12345_6,9655.87,0.01978379982515946
100000,Christopher Trujillo,ctrujillo82r,12345_11,6423.82,0.0073459439618681205
100001,Daniel Forbes,dforbes60l,12345_6,6684.24,0.005721840688773283
100002,Kayla Castillo,kcastillo82a,12345_5,7768.67,0.0026098056796488443
100003,Cheryl Evans,cevans50l,12345_6,6747.98,0.002149741750928276
100004,Tyler Williams,twilliams82r,12345_5,4873.47,0.0033129921734426195
100005,Carrie Turner,cturner60e,12345_6,5836.81,0.003395006594847916
100006,Betty Peterson,bpeterson82y,12345_5,9018.73,0.013314110262119781
100007,Leroy Sutton,lsutton62y,12345_5,7283.3,0.016247766347517754
100008,Kevin Neal,kneal42n,12345_5,8126.91,0.004495522342496534
100009,Leah Thompson,lthompson81h,12345_4,6192.58,0.004179526159427674
100010,Robert Pearson,rpearson70t,12345_6,5974.77,0.0023597143511756256
100011,Charlotte Daniels,cdaniels70e,12345_9,6733.62,0.006145647548693878
100012,Mary Cruz,mcruz41y,12345_4,7132.95,0.0063174902794720204
100013,Christine Keller,ckeller60e,12345_9,8550.75,0.002515197243722176
100014,Michael Boyd,mboyd41l,12345_7,8350.97,0.014074520805281656
100015,Carrie Wolfe,cwolfe50e,12345_6,4039.07,0.016703295039021376
100016,David Smith,dsmith52d,12345_5,5984.97,0.014962760221660288
100017,Janet Beck,jbeck42t,12345_5,7795.37,0.012053232217754688
100018,Paul Lewis,plewis51l,12345_4,6140.62,0.010513061666971446
100019,Cynthia Wiggins,cwiggins71a,12345_7,4781.07,0.0054348692208648535
100020,Jason Orozco,jorozco62n,12345_5,5030.19,0.0034123673629178077
100021,Jack Medina,jmedina61k,12345_4,5931.44,0.012424147974183248
100022,Melissa Johnson,mjohnson71a,12345_7,7247.95,0.010441611874863288
100023,Betty Wells,bwells52y,12345_5,4694.9,0.01857858630497912
100024,Laura Wright,lwright62a,12345_5,3441.04,0.00549770129412845
100025,Gary Armstrong,garmstrong91y,12345_4,7359.07,0.01945729360641509
100026,Dana Mann,dmann41a,12345_4,7004.01,0.012272548895609678
100027,Daniel Lopez,dlopez50l,12345_6,7592.47,0.010652067473180217
100028,Leslie Garner,lgarner60e,12345_6,6606.37,0.002301429549464862
100029,Courtney Flores,cflores62y,12345_8,5935.57,0.009652577745318696
100030,James Jones,jjones52s,12345_5,5427.71,0.0065837768757643555
100031,Justin Dawson,jdawson60n,12345_6,5818.61,0.01460243183306097
100032,Robert Solis,rsolis50t,12345_6,4409.67,0.0022664890553024055
100033,James Gonzales,jgonzales82s,12345_5,6512.09,0.006148658303736065
100034,Donald Roberson,droberson80d,12345_6,5957.54,0.01423712537285199
100035,Marvin Byrd,mbyrd40n,12345_6,7061.02,0.014139391564368888
100036,Ryan Orozco,rorozco61n,12345_4,7765.69,0.009599490064652367
100037,Dillon Gardner,dgardner70n,12345_6,6541.68,0.010450271178631277
100038,John Nunez,jnunez51n,12345_4,5047.9,0.0030373110843165186
100039,Alice Green,agreen52e,12345_5,6434.9,0.01955177239349671
100040,Daniel Morgan,dmorgan60l,12345_6,6135.85,0.010764531296209374
100041,Cesar Rosario,crosario72r,12345_5,8017.7,0.011185364874237762
100042,Randy Vance,rvance52y,12345_5,6937.48,0.0009060885596484458
100043,Jeff Ellis,jellis51f,12345_4,4097.3,0.016402443052314856
100044,Angela Freeman,afreeman70a,12345_6,3810.63,0.012058041455630261
100045,Christy Bruce,cbruce51y,12345_7,5637.74,0.01059112767890584
100046,Erin Hernandez,ehernandez91n,12345_4,4903.31,0.005681559164881356
100047,Jane Robbins,jrobbins71e,12345_4,4023.66,0.006153764336427761
100048,Nathan Combs,ncombs50n,12345_6,7633.86,0.01908071371353013
100049,Michael Russell,mrussell71l,12345_7,6053.85,0.0034575939489105466
100050,Joel Miranda,jmiranda71l,12345_4,7481.49,0.007213290506619459
100051,Sandra Garcia,sgarcia60a,12345_6,7570.51,0.013670469429690347
100052,Dawn Murphy,dmurphy61n,12345_4,7515.94,0.008458579884259763
100053,David Kelley,dkelley62d,12345_5,5133.06,0.014176742545264225
100054,Mrs. Lynn Fuller,mlynn41.,12345_4,6429.61,0.004072847921664957
100055,Stephen Sawyer,ssawyer61n,12345_7,4345.73,0.008732838275327089
100056,Jocelyn Wilson,jwilson61n,12345_7,9175.3,0.002205535392154607
100057,Mr. Luis Vaughn,mluis40.,12345_3,4399.22,0.006648904480570865
100058,Sara Dickerson,sdickerson91a,12345_4,8061.15,0.007486229563790667
100059,Curtis Mccullough,cmccullough100s,12345_6,3585.31,0.006837581374402453
100060,George Mccoy,gmccoy50e,12345_6,6263.62,0.01208333165269913
100061,Matthew Marquez,mmarquez71w,12345_7,5969.57,0.00247793809760281
100062,Daniel Rodriguez,drodriguez90l,12345_6,6630.23,0.01100538695379947
100063,Heather Jensen,hjensen61r,12345_7,4782.73,0.012686512571480922
100064,Neil Holder,nholder61l,12345_4,6322.83,0.012491308083175246
100065,Angela Hall,ahall40a,12345_6,5263.77,0.004102673802349823
100066,Robert Lynch,rlynch50t,12345_6,11102.56,0.018076645526321426
100067,Kelly Cruz,kcruz42y,12345_5,6046.5,0.001464146519262175
100068,Alexandra Riley,ariley50a,12345_9,5064.23,0.013005094999967106
100069,Catherine Spencer,cspencer70e,12345_9,7287.14,0.014278395166587236
100070,Brian Decker,bdecker62n,12345_5,3572.43,0.004612701444511436
100071,Brett Morrow,bmorrow62t,12345_5,6344.48,0.01183706868175889
100072,Brett Johnson,bjohnson72t,12345_5,6860.24,0.014526723251323788
100073,Anne Jones,ajones51e,12345_4,4122.7,0.011180239458931086
100074,Patricia Castro,pcastro62a,12345_8,1921.02,0.0032838921091632067
100075,Stephanie Smith,ssmith50e,12345_9,7492.72,0.0065907152583847784
100076,Mike Martin,mmartin61e,12345_4,7501.97,0.01903073086845807
100077,Ann Baxter,abaxter60n,12345_3,5731.03,0.01166160585631629
100078,Rhonda Howard,rhoward60a,12345_6,6442.38,0.0018733678717140735
100079,Penny Castillo,pcastillo82y,12345_5,5352.3,0.00957343378211361
100080,Zachary Burton,zburton61y,12345_7,6456.05,0.01829654944739575
100081,Laura Garcia,lgarcia62a,12345_5,7691.6,0.0026790188972995632
100082,Susan Long,slong42n,12345_5,7256.4,0.004712673090573212
100083,Elizabeth Collins,ecollins70h,12345_9,9785.5,0.010017154687506396
100084,Bryce Lambert,blambert72e,12345_5,6247.59,0.004761909207587056
100085,Kyle Anderson,kanderson81e,12345_4,7899.85,0.008633423985186324
100086,Kristen Owens,kowens51n,12345_7,6907.06,0.01438028125557607
100087,Anthony Morris,amorris61y,12345_7,3219.9,5.486133207139865e-06
100088,Shawn Conley,sconley62n,12345_5,3770.61,0.005323899583943179
100089,Jessica Smith,jsmith51a,12345_7,6096.1,0.002050587631271932
100090,Linda Thomas,lthomas62a,12345_5,7071.01,0.012928595931565876
100091,Trevor Pittman,tpittman70r,12345_6,6364.63,0.0029827804187778084
100092,Karen Valdez,kvaldez62n,12345_5,5958.08,0.012708095652726662
100093,Samantha Hughes,shughes62a,12345_8,5692.66,0.012211875103979893
100094,Vicki Hunt,vhunt42i,12345_5,6794.93,0.016987681825430274
100095,Philip Mcdowell,pmcdowell80p,12345_6,5901.65,0.01857887720629205
100096,Alicia Riley,ariley50a,12345_6,5402.24,0.012416277418172608
100097,Rebecca Moore,rmoore51a,12345_7,4201.31,0.015446051988968956
100098,Harold Reynolds,hreynolds80d,12345_6,5523.83,0.011760971207790672
100099,Stanley Gomez,sgomez51y,12345_7,6619.81,0.013826299653049894
100100,Hannah Floyd,hfloyd50h,12345_6,8311.06,0.0034658191677767627
100101,Nicholas Bennett,nbennett72s,12345_8,4237.12,0.0006078728386090715
100102,Jared Atkinson,jatkinson82d,12345_5,4188.15,0.015812064169146888
100103,Melinda Smith,msmith51a,12345_7,8558.3,0.018267552774691723
100104,Mary Bauer,mbauer51y,12345_4,6015.51,0.011459764596843081
100105,Christopher James,cjames52r,12345_11,4320.25,0.0064866031904670446
100106,Maurice Pope,mpope41e,12345_7,5449.7,0.017784071064788968
100107,Manuel Adams,madams50l,12345_6,9958.59,0.006469928663303575
100108,Caroline White,cwhite52e,12345_8,6150.41,0.0031817360717725073
100109,Amanda Moody,amoody50a,12345_6,4947.99,0.01849023676174104
100110,Jared Mcmahon,jmcmahon72d,12345_5,9964.27,0.008027142506969499
100111,Charles Harris,charris61s,12345_7,6481.36,0.016413693870546364
100112,Steven Phillips,sphillips80n,12345_6,5438.28,0.004607429552763687
100113,Wendy Lester,wlester62y,12345_5,4643.02,0.013618144312954201
100114,Shawn Kramer,skramer62n,12345_5,5021.31,0.009177486031510999
100115,Scott Carroll,scarroll72t,12345_5,8746.23,0.0054242277069203905
100116,Jason Flores,jflores62n,12345_5,8701.62,0.0036578551483638488
100117,Julie Sullivan,jsullivan82e,12345_5,5605.17,0.01424878802047797
100118,Martha Dixon,mdixon50a,12345_6,9148.49,0.0073023230794601445
100119,Samantha Williams,swilliams82a,12345_8,8145.37,0.00735173126756206
100120,Charles Nguyen,cnguyen61s,12345_7,7748.15,0.018702332045681093
100121,Marie Cain,mcain42e,12345_5,2608.99,0.0063663972771654895
100122,Michelle Shea,mshea42e,12345_8,8419.61,0.009698496013955329
100123,Crystal Brewer,cbrewer61l,12345_7,5872.74,0.005080160788664414
100124,Sarah Hill,shill42h,12345_5,4776.25,0.0018350101930937513
100125,Patricia Pope,ppope42a,12345_8,6879.29,0.00041519872917816113
100126,Alexandra Delgado,adelgado70a,12345_9,7459.31,0.016589359782348843
100127,Sara Cohen,scohen51a,12345_4,7580.56,0.006870442572857274
100128,Megan Clark,mclark52n,12345_5,4271.94,0.018819727038654106
100129,Eric Curtis,ecurtis61c,12345_4,8226.41,0.004250434558661666
100130,Amanda Smith,asmith50a,12345_6,4933.21,0.012351143498179805
100131,Ashley Lee,alee30y,12345_6,4662.75,0.003361965350653826
100132,Jacob Wood,jwood42b,12345_5,8186.26,0.01052514910676003
100133,Jason Kerr,jkerr42n,12345_5,5304.53,0.009739488291084508
100134,Katherine Young,kyoung50e,12345_9,4344.92,0.015849963485369795
100135,Timothy Young,tyoung51y,12345_7,7075.0,0.014342790252285145
100136,Ernest Taylor,etaylor60t,12345_6,4792.41,0.012018878165328704
100137,Stephanie Calderon,scalderon80e,12345_9,8126.82,0.0031668875636386875
100138,Brandy Gregory,bgregory70y,12345_6,8448.7,0.014070942878695671
100139,Steven Roberts,sroberts70n,12345_6,6655.45,0.00948232981564144
100140,Lorraine Rodriguez,lrodriguez92e,12345_8,8468.11,0.005208846130047327
100141,Melissa Nelson,mnelson61a,12345_7,4322.21,0.0074346634799980875
100142,Ryan Jones,rjones51n,12345_4,8444.54,0.015167312074644577
100143,Andrew Johnson,ajohnson70w,12345_6,6553.46,0.011788365922512619
100144,Mark Warren,mwarren61k,12345_4,7235.25,0.004614033127225874
100145,Kevin Thomas,kthomas62n,12345_5,6158.22,0.015099284061793686
100146,Maria Greene,mgreene62a,12345_5,3917.37,0.011453903179975291
100147,Joseph Park,jpark40h,12345_6,7524.17,0.000909852227315362
100148,Gregory Henry,ghenry51y,12345_7,5801.39,0.01008708699636912
100149,Danielle Keller,dkeller62e,12345_8,5911.13,0.0011281367843574942
100150,Diane Turner,dturner62e,12345_5,8351.05,0.012926685119885435
100151,Anthony Espinoza,aespinoza81y,12345_7,5484.38,0.00215991383056104
100152,Kelly Garcia,kgarcia62y,12345_5,7329.16,0.0029196932335078785
100153,Heather Martinez,hmartinez81r,12345_7,6962.14,0.003662596813914476
100154,Rose Boyle,rboyle51e,12345_4,3509.69,0.009362399789278306
100155,Debra Bright,dbright62a,12345_5,2816.33,0.006786998439456766
100156,Melissa Perez,mperez51a,12345_7,9761.42,0.008931827250009657
100157,Bailey Ruiz,bruiz40y,12345_6,3526.48,0.0013161231605434743
100158,Kimberly Smith,ksmith52y,12345_8,5779.04,0.004231173166204696
100159,Ricardo Wright,rwright61o,12345_7,4226.45,0.009736901519301122
100160,Priscilla Harvey,pharvey60a,12345_9,4436.4,0.014146876920947092
100161,Jeremiah Davis,jdavis52h,12345_8,6132.86,0.003979841558192949
100162,Andrew Lopez,alopez50w,12345_6,6533.18,0.011510594282682893
100163,Melissa Gutierrez,mgutierrez91a,12345_7,7467.78,0.014414021264067418
100164,Casey Miles,cmiles52y,12345_5,6297.32,0.01536895959348609
100165,Christian Miller,cmiller60n,12345_9,6421.38,0.018591289022453602
100166,Catherine Chandler,cchandler80e,12345_9,7095.24,0.013617184559168688
100167,Kevin Todd,ktodd42n,12345_5,4781.37,0.013541644442925273
100168,Daniel Richmond,drichmond80l,12345_6,8212.56,0.014923611770962006
100169,Christine Walton,cwalton60e,12345_9,6070.26,0.019403275922224926
100170,Katie Roberts,kroberts72e,12345_5,6262.94,0.01766740300511026
100171,Travis Patterson,tpatterson90s,12345_6,7878.31,0.016213226718916087
100172,Patricia Molina,pmolina62a,12345_8,7978.35,0.002884381418489417
100173,Janet Malone,jmalone62t,12345_5,5152.85,0.017103980834771996
100174,Amanda Crane,acrane50a,12345_6,6573.23,0.008868812599843345
100175,David Henry,dhenry52d,12345_5,7469.73,0.017507581373405367
100176,Kevin Silva,ksilva52n,12345_5,7331.94,0.00030872888689433833
100177,Jesse Bennett,jbennett72e,12345_5,5243.58,0.011287873072610944
100178,Sheri Randolph,srandolph82i,12345_5,7830.26,0.01632782008869014
100179,Christopher Romero,cromero62r,12345_11,10179.6,0.005186030734588933
100180,Matthew Gonzales,mgonzales81w,12345_7,6835.45,0.0005031176385295688
100181,Jennifer Mack,jmack42r,12345_8,5496.44,0.005766718645651266
100182,Mark Robinson,mrobinson81k,12345_4,5452.79,0.008684212357712873
100183,Ashley Williamson,awilliamson100y,12345_6,5162.64,0.0016278371181381113
100184,Samuel Ward,sward40l,12345_6,6755.37,0.005008560685877961
100185,Laura Webb,lwebb42a,12345_5,1468.56,0.014360942714583734
100186,Joshua Bowman,jbowman60a,12345_6,5027.25,0.004993615603934005
100187,Robert Mora,rmora40t,12345_6,5624.38,0.015788914273093445
100188,Tammy Smith,tsmith52y,12345_5,5792.74,0.005904734631535489
100189,Michael Wood,mwood41l,12345_7,7284.23,0.011258826682042056
100190,Raymond Garcia,rgarcia61d,12345_7,9192.08,0.010420819442642629
100191,Danielle White,dwhite52e,12345_8,4198.03,0.004857015942920225
100192,John Hudson,jhudson61n,12345_4,5259.97,0.0031102124502287265
100193,John Rivera,jrivera61n,12345_4,6487.76,0.01642978341701816
100194,Benjamin Walker,bwalker62n,12345_8,5934.01,0.01652518622422438
100195,Jacqueline Mason,jmason51e,12345_10,5171.03,0.013147662722728437
100196,Jason Nash,jnash42n,12345_5,6831.99,0.007210657969097982
100197,Jennifer Guerra,jguerra62r,12345_8,7321.07,0.01632632154810546
100198,Deborah Roberts,droberts71h,12345_7,5306.44,0.018174317261245458
100199,Johnny Bishop,jbishop60y,12345_6,5963.01,0.005279694216515159
100200,Erika Anderson,eanderson82a,12345_5,4424.6,0.007732655560721667
100201,Kayla Coleman,kcoleman72a,12345_5,6871.91,0.01770334750221742
100202,Philip Williams,pwilliams80p,12345_6,8890.24,0.014811827533499316
100203,James Jordan,jjordan62s,12345_5,5223.37,0.0028240243675729483
100204,Keith Ramirez,kramirez72h,12345_5,6069.33,0.008135515994578511
100205,Kevin Morris,kmorris62n,12345_5,5455.1,0.0012102855717782935
100206,Andrew Palmer,apalmer60w,12345_6,5721.44,0.0025220164152612193
100207,Emily White,ewhite52y,12345_5,7064.82,0.0037704948813629046
100208,Tiffany Smith,tsmith51y,12345_7,4291.29,0.01684790409969656
100209,Matthew Johnson,mjohnson71w,12345_7,2618.36,0.003789620845715953
100210,Emma Martinez,emartinez81a,12345_4,6907.53,0.0024788517385873486
100211,William Burton Jr.,wburton61m,12345_7,7610.72,0.01805279949215465
100212,James Meyers,jmeyers62s,12345_5,6792.1,0.018155695064748158
100213,Michael Rodriguez,mrodriguez91l,12345_7,5500.16,0.00818282354815874
100214,Sandy Cohen,scohen52y,12345_5,7583.02,0.010276268721322193
100215,Jennifer Powell,jpowell62r,12345_8,7291.89,0.006040668481595826
100216,Rachel Weeks,rweeks50l,12345_6,4955.79,0.005180170946953968
100217,Travis Schmitt,tschmitt70s,12345_6,6427.69,0.011075959958802832
100218,Donald Brown,dbrown50d,12345_6,5395.16,0.013220853637440586
100219,Vincent Brown,vbrown51t,12345_7,4808.68,0.01609691862492525
100220,Denise Campbell,dcampbell80e,12345_6,2394.34,0.013196226714684362
100221,Kim Adams,kadams50m,12345_3,2399.71,0.018889663661772877
100222,Yvonne Kelly,ykelly50e,12345_6,3186.49,0.0025731847904045904
100223,Melinda Maldonado,mmaldonado91a,12345_7,6554.46,0.011514809174967508
100224,Jeffery Cole,jcole41y,12345_7,4267.21,0.001901888143402124
100225,Alicia Brooks,abrooks60a,12345_6,7549.49,0.014162504502467935
100226,Jasmine Scott,jscott51e,12345_7,6390.8,0.006752513563053362
100227,Phillip Calderon,pcalderon81p,12345_7,5047.46,0.006510357543983132
100228,Patrick Conner,pconner61k,12345_7,1106.09,0.003941833494062186
100229,Randall Torres,rtorres61l,12345_7,5303.8,0.012281843459019138
100230,Alexander Simon,asimon50r,12345_9,6438.49,0.01405378055077031
100231,Kenneth Romero,kromero61h,12345_7,5405.72,0.0001439773043355075
100232,Kyle Gonzales,kgonzales81e,12345_4,3036.27,0.000300722879306492
100233,Peter Moses,pmoses52r,12345_5,6301.53,0.014938199420235772
100234,Allison Heath MD,aheath51n,12345_7,6225.08,0.014911107628711156
100235,Daniel Ayala,dayala50l,12345_6,7652.06,0.018295171736010533
100236,David Davis,ddavis52d,12345_5,4102.82,0.006533810404235954
100237,Timothy Garcia,tgarcia61y,12345_7,9075.32,0.004192330294891576
100238,Timothy Freeman,tfreeman71y,12345_7,3523.2,0.011976614954901715
100239,Timothy Ray,tray31y,12345_7,3180.85,0.005621208638782753
100240,Susan Gomez,sgomez52n,12345_5,5517.89,0.012435059210694066
100241,Mr. George Wright,mgeorge60.,12345_3,6414.29,0.009456248571175505
100242,David Clark Jr.,dclark52d,12345_5,6153.73,0.014985854169751156
100243,Andrew Alexander,aalexander90w,12345_6,6007.29,0.012013336374640401
100244,Christina Griffith,cgriffith80a,12345_9,6578.17,0.013222619990794755
100245,Robert Williams,rwilliams80t,12345_6,6450.34,0.016343953263131643
100246,Jonathon Lopez,jlopez52n,12345_8,7246.91,0.019196549759977807
100247,Michael Cole,mcole41l,12345_7,3904.06,0.014512399891213265
100248,Adrienne Curtis,acurtis62e,12345_8,3463.69,0.005664727816162627
100249,Randy Davis,rdavis52y,12345_5,6997.33,0.006259561754185803
100250,Dustin Wilson,dwilson60n,12345_6,4506.17,0.008705057513372715
100251,Andrew Fleming,afleming70w,12345_6,5007.64,0.014275583608787057
100252,Carol Hernandez,chernandez92l,12345_5,4895.42,0.011028044579383486
100253,Jesse Contreras,jcontreras92e,12345_5,2726.49,0.013286584859301077
100254,Peter Rangel,prangel62r,12345_5,5543.25,0.019410238852252706
100255,Justin Lopez,jlopez50n,12345_6,5386.85,0.01524399301226551
100256,Darryl Rodriguez,drodriguez90l,12345_6,6682.0,0.01756901406743577
100257,Phillip Burgess,pburgess71p,12345_7,6286.93,0.005911473746483007
100258,Mr. Brandon Anthony,mbrandon70.,12345_3,5413.47,0.015973395757244626
100259,Renee Keller,rkeller62e,12345_5,5308.73,0.010120936668548948
100260,Jason Gonzales,jgonzales82n,12345_5,4549.13,0.0026496308258171174
100261,Patrick Nelson,pnelson61k,12345_7,8486.94,0.00371893295618283
100262,Danielle Strickland,dstrickland102e,12345_8,4621.26,0.01690942678258634
100263,Crystal Juarez,cjuarez61l,12345_7,3423.83,0.0020107174428429684
100264,Dr. Brian Russell,dbrian50.,12345_3,6893.87,0.018818449348213334
100265,Scott Daniels,sdaniels72t,12345_5,5312.11,0.0011452893277799792
100266,Michael Dennis,mdennis61l,12345_7,3047.58,0.010972870663748236
100267,Karen Thompson,kthompson82n,12345_5,4965.41,0.0006106260507537776
100268,Samuel Bell,sbell40l,12345_6,6294.57,0.005648933206063511
100269,Anthony Wall,awall41y,12345_7,3073.11,0.014016532283481964
100270,Brooke Villegas,bvillegas80e,12345_6,6572.81,0.0013435548815689158
100271,Kevin Smith,ksmith52n,12345_5,6223.06,0.01887492262220738
100272,Tina Foster,tfoster61a,12345_4,5775.12,0.012433958855320122
100273,Thomas Ayala,tayala50s,12345_6,3841.43,0.009064855301587318
100274,Betty Thomas,bthomas62y,12345_5,4565.5,0.0189166310035403
100275,Christine Vaughan,cvaughan70e,12345_9,4855.14,0.011153861544200441
100276,Christine Padilla,cpadilla70e,12345_9,4406.37,0.0019862356166571015
100277,Michael Mitchell,mmitchell81l,12345_7,9036.27,0.014861584686868618
100278,Phillip Morris,pmorris61p,12345_7,8443.45,0.003685401899404088
100279,Katherine Chen,kchen40e,12345_9,1764.79,0.0013787909224935824
100280,Ashley Green,agreen50y,12345_6,6224.84,0.01223908440983774
100281,April Clark,aclark52l,12345_5,4758.73,0.0082819001277036
100282,Jacqueline Mcdaniel,jmcdaniel81e,12345_10,6939.44,0.009031385754103892
100283,Brian Solomon,bsolomon72n,12345_5,8142.58,0.01782067535229192
100284,William Perez,wperez51m,12345_7,4220.38,0.006164921386178119
100285,Alyssa Singleton,asingleton90a,12345_6,6157.92,0.004214553908753724
100286,Brittany Riddle,briddle62y,12345_8,3441.67,0.009045778281676813
100287,Leah Sanchez,lsanchez71h,12345_4,4581.23,0.013909977185163005
100288,Sara Rogers,srogers61a,12345_4,7848.91,0.018863508069593884
100289,Kathy Smith,ksmith52y,12345_5,7600.77,0.014658228781720538
100290,Michael Garcia,mgarcia61l,12345_7,6589.41,0.019980547473554294
100291,Joseph Acosta,jacosta60h,12345_6,6568.12,0.005792948563108786
100292,Jordan Morris,jmorris60n,12345_6,7757.5,0.01015852947030532
100293,Andrea Alexander,aalexander90a,12345_6,6865.8,0.011008107751240875
100294,Steven Rivera,srivera60n,12345_6,5779.86,0.0042090474455093
100295,Jo Dennis,jdennis62o,12345_2,5831.36,0.014793862526726003
100296,Shane Campbell,scampbell82e,12345_5,5508.52,0.007137536525822734
100297,Jeremy Davidson,jdavidson80y,12345_6,4994.0,0.014610944007235014
100298,Debra Pierce,dpierce62a,12345_5,6107.65,0.00492688617890887
100299,Luis Miller,lmiller61s,12345_4,3411.13,0.01236220704212962
100300,Shannon Graves,sgraves61n,12345_7,6896.12,0.005054195044082734
100301,Matthew Bryant,mbryant61w,12345_7,4471.56,0.01384461689155434
100302,Curtis Daniel,cdaniel60s,12345_6,2553.32,0.008222782338871597
100303,Heather Nichols,hnichols71r,12345_7,4767.22,0.013875809455374442
100304,Kevin Reid,kreid42n,12345_5,4735.87,0.013251976617694474
100305,Nathan Rangel,nrangel60n,12345_6,6447.55,0.0025653444104818466
100306,Drew Carter,dcarter61w,12345_4,7197.19,0.0186823009223423
100307,David Huang,dhuang52d,12345_5,3991.38,0.0019724493386835264
100308,Wayne Cowan,wcowan52e,12345_5,5287.78,0.01716278153648719
100309,Charles Diaz,cdiaz41s,12345_7,7712.79,0.012747668555257061
100310,Eddie Brady,ebrady52e,12345_5,6293.45,0.018981694871776512
100311,Kristin Ritter,kritter61n,12345_7,6992.17,0.011166101104089964
100312,Joan Jackson,jjackson71n,12345_4,7537.42,0.005589877097909293
100313,Tina Ramirez,tramirez71a,12345_4,4921.68,0.01585351092062993
100314,Jamie Herman,jherman62e,12345_5,6345.67,0.018669837553654606
100315,Gina Moore,gmoore51a,12345_4,3975.34,0.014840215660016655
100316,Rhonda Hoover,rhoover60a,12345_6,9422.46,0.005829041233128127
100317,Laura Lowery,llowery62a,12345_5,4743.53,0.01645567732205751
100318,Taylor Johnston,tjohnston80r,12345_6,5591.85,0.013337536256166967
100319,Michelle Copeland,mcopeland82e,12345_8,4972.35,0.005498698419097028
100320,Katherine Morales,kmorales70e,12345_9,5620.87,0.0011099314547778083
100321,Anthony Kelly,akelly51y,12345_7,7797.7,0.0032314148298564827
100322,Evan Hoffman,ehoffman71n,12345_4,5001.96,0.010645712787660584
100323,Alicia Rivers,arivers60a,12345_6,10596.16,0.019127653438667146
100324,Aaron Buck,abuck42n,12345_5,8814.04,0.007947802901617331
100325,Nicholas Clark,nclark52s,12345_8,2689.45,0.014087447793625765
100326,Paul Davis,pdavis51l,12345_4,7559.01,0.010785786575458747
100327,David Patrick,dpatrick72d,12345_5,11244.86,0.01111132016108473
100328,Daniel Phillips,dphillips80l,12345_6,4054.8,0.0003491728569952013
100329,Alexandra Allen,aallen50a,12345_9,7028.81,0.008546375044684345
100330,Valerie Mullins,vmullins71e,12345_7,4256.63,0.014595886526840388
100331,Paula Delacruz,pdelacruz82a,12345_5,7267.92,0.018320918449428097
100332,James Fuller,jfuller62s,12345_5,4568.72,0.00765777702191595
100333,Erin Cross,ecross51n,12345_4,8803.81,0.005929940101718554
100334,Peter Carter,pcarter62r,12345_5,7063.47,0.005979016285089618
100335,Jason Morales,jmorales72n,12345_5,6060.52,0.017108016270611728
100336,Patrick Thomas,pthomas61k,12345_7,6544.92,0.0018842644264787168
100337,Richard Haas,rhaas41d,12345_7,5187.46,0.013975548296494457
100338,Christopher Porter,cporter62r,12345_11,4746.99,0.0024727036824251903
100339,Joshua Cameron,jcameron70a,12345_6,5793.73,0.01569073033541059
100340,Kelsey Francis,kfrancis70y,12345_6,8410.25,0.00957927847909034
100341,James Bradshaw,jbradshaw82s,12345_5,8090.85,0.0006862835222725617
100342,Bryan Diaz,bdiaz42n,12345_5,7724.18,0.0019520259695389353
100343,Jesse Silva,jsilva52e,12345_5,3462.49,0.0054449345739598495
100344,Bobby Andrews,bandrews72y,12345_5,7969.69,0.0014841888767242418
100345,Nicholas Ryan,nryan42s,12345_8,5829.63,0.0075188846067174775
100346,Marissa Wright,mwright61a,12345_7,6483.62,0.01253323980066757
100347,Amanda Sloan,asloan50a,12345_6,4755.04,0.014658746231228275
100348,Jeffrey Davis,jdavis51y,12345_7,5047.37,0.014868367306352333
100349,Dr. Richard Morris,drichard70.,12345_3,3880.04,0.01612991750493005
100350,Victoria Lowery,vlowery62a,12345_8,4222.3,0.014247040045925008
100351,Chelsea Russo,crusso51a,12345_7,3523.27,0.010120374203489695
100352,April Summers,asummers72l,12345_5,7079.89,0.00048155847914311157
100353,Stacey Vega,svega40y,12345_6,2452.99,0.005973172403926534
100354,Aaron Ramirez,aramirez72n,12345_5,7128.92,0.0057671397344992515
100355,Tony Waters,twaters61y,12345_4,7216.72,0.000867070492334956
100356,Tina Wilson,twilson61a,12345_4,6602.67,0.0037419192515450563
100357,Justin Patterson,jpatterson90n,12345_6,4539.91,0.010594803831451423
100358,Michael Herrera,mherrera71l,12345_7,5075.24,0.004299380661425145
100359,Maria Williams,mwilliams82a,12345_5,7733.24,0.010421090542637493
100360,Susan Austin,saustin62n,12345_5,6402.73,0.0018299410706797525
100361,Lisa Durham,ldurham61a,12345_4,6398.56,0.01678115391009326
100362,Christopher Mccullough,cmccullough102r,12345_11,7325.02,0.017915944886144168
100363,Isaac Cook,icook42c,12345_5,4923.32,0.0008189430481286242
100364,Priscilla Owens,powens50a,12345_9,6459.44,0.0027935610796410715
100365,Lance Lowe,llowe42e,12345_5,5428.98,0.006161583897033882
100366,Sherry Tapia,stapia50y,12345_6,4294.5,0.0031312012102611077
100367,Raymond Miles,rmiles51d,12345_7,8648.52,0.008953332528331881
100368,Elizabeth Hill,ehill40h,12345_9,6683.39,0.0013902444938604108
100369,Alexa Willis,awillis62a,12345_5,5906.51,0.007903155919400908
100370,Peter Ford,pford42r,12345_5,5756.81,0.014195960902720555
100371,Lance Peterson,lpeterson82e,12345_5,4974.57,0.011535062312765918
100372,Michelle Martin,mmartin62e,12345_8,7417.57,0.0077352903222560766
100373,Nicholas Estrada,nestrada72s,12345_8,6701.95,0.009218793507943948
100374,Tammy Vaughn,tvaughn62y,12345_5,5537.51,0.002588768112295097
100375,Colleen Gibson,cgibson61n,12345_7,8134.47,0.010403134029725241
100376,Rebecca Solomon,rsolomon71a,12345_7,6820.77,0.0022000874397000293
100377,Michael Reyes,mreyes51l,12345_7,7896.26,0.018448042469692356
100378,James Webb II,jwebb42s,12345_5,5535.79,0.013856292008235144
100379,David Perry,dperry52d,12345_5,4770.69,0.002232578918717636
100380,Dean Miller,dmiller61n,12345_4,4090.95,0.013434490847906565
100381,Elizabeth Foster,efoster60h,12345_9,4728.11,0.007543575417173736
100382,Karen Jennings,kjennings82n,12345_5,4662.4,4.6812172913295314e-05
100383,Michael Ware,mware41l,12345_7,5088.9,0.017556782068033707
100384,Jason Monroe,jmonroe62n,12345_5,4101.19,0.0006486346102933682
100385,Priscilla Miller,pmiller60a,12345_9,4817.27,0.008150187042024548
100386,Christina Cole,ccole40a,12345_9,5609.54,0.01798671936294237
100387,Lindsey Stewart,lstewart71y,12345_7,3842.5,0.007445304896534202
100388,Denise Hale,dhale40e,12345_6,6029.83,0.008329997020467154
100389,John Smith,jsmith51n,12345_4,7256.39,0.011668533179629171
100390,Jennifer Potter,jpotter62r,12345_8,5567.74,0.009110107204351207
100391,Kenneth Riley,kriley51h,12345_7,10611.9,0.004584681698202191
100392,Samantha Foley,sfoley52a,12345_8,7559.73,0.003586738263965643
100393,Jordan Randolph,jrandolph80n,12345_6,4676.81,0.017394082883772703
100394,Jill Graham,jgraham61l,12345_4,5724.31,0.019420909057342336
100395,David Greene,dgreene62d,12345_5,9451.0,0.00067133093349794
100396,Kimberly Hammond,khammond72y,12345_8,3605.69,0.004968170860944912
100397,Christopher Mosley,cmosley62r,12345_11,5873.81,0.010942806180705601
100398,Shelly Stone,sstone50y,12345_6,7184.16,0.002199854421057854
100399,Nicole Lewis,nlewis50e,12345_6,7096.09,0.0036606944443553545
100400,Steven Strong,sstrong60n,12345_6,5010.53,0.018120820894557813
100401,Jennifer Mcdaniel,jmcdaniel82r,12345_8,6179.63,0.014573722721200135
100402,Jonathan Case,jcase42n,12345_8,3846.79,0.0035045595641852345
100403,Amanda Wright,awright60a,12345_6,3905.92,0.0009367624278219045
100404,Nicole Rice,nrice40e,12345_6,6534.4,0.017098558846203087
100405,Rebecca Cook,rcook41a,12345_7,8529.15,0.008759037303323777
100406,Daisy Finley,dfinley62y,12345_5,6797.23,0.006428078411984837
100407,Mark Price,mprice51k,12345_4,4122.42,0.0013714835075217535
100408,Mr. James Hill,mjames50.,12345_3,5229.46,0.015663201282854318
100409,Jade Bautista,jbautista81e,12345_4,7824.9,0.0001752990797261056
100410,Angel Alexander,aalexander92l,12345_5,5383.7,0.015745474322612887
100411,Stacy Maxwell,smaxwell72y,12345_5,6193.65,0.011285377320081167
100412,Raymond Larson,rlarson61d,12345_7,6961.21,0.01728891022251275
100413,Robert Mitchell,rmitchell80t,12345_6,9111.02,0.01271168047258492
100414,William Munoz,wmunoz51m,12345_7,5341.3,0.01911990976676448
100415,Walter Young,wyoung50r,12345_6,3059.35,0.005888039643840051
100416,Jacob Sanders,jsanders72b,12345_5,7049.07,0.01648175962682739
100417,Debbie Thomas,dthomas60e,12345_6,4936.38,0.018805998344886908
100418,Austin Price,aprice50n,12345_6,5277.16,0.016921394893393112
100419,Robert Stein,rstein50t,12345_6,7907.76,0.013255714860575082
100420,Cheryl Moore,cmoore50l,12345_6,5381.23,0.0010080007587501517
100421,Jason Johnson,jjohnson72n,12345_5,4996.29,0.006054047332188832
100422,Eric Colon,ecolon51c,12345_4,6139.77,0.00018321145216049662
100423,Christopher Jones,cjones52r,12345_11,5087.39,0.002103323777838064
100424,Mr. Anthony Barry DDS,manthony70.,12345_3,4909.29,0.018770610049793086
100425,Mark Johnson,mjohnson71k,12345_4,4708.6,0.008366105059056987
100426,Kelly Smith,ksmith52y,12345_5,6110.12,0.012142016790580861
100427,Anthony Terrell,aterrell71y,12345_7,8241.44,0.015204951273927368
100428,James Fry,jfry32s,12345_5,4569.07,0.003771993678886747
100429,Kim Hebert,khebert60m,12345_3,8764.96,0.0025190442349640185
100430,Stanley Gilbert,sgilbert71y,12345_7,4562.44,0.007678513198090482
100431,Eric Berger,eberger61c,12345_4,6290.98,0.016216015341187325
100432,Megan Hernandez,mhernandez92n,12345_5,5722.41,0.008475170860284507
100433,Matthew Peck,mpeck41w,12345_7,5738.27,0.017903397355214883
100434,Tammy Gross,tgross52y,12345_5,7989.95,0.00744881992849916
100435,Kristina Meadows,kmeadows72a,12345_8,9337.55,0.00978227704506786
100436,Jasmine Hubbard,jhubbard71e,12345_7,8711.74,0.017880458382772996
100437,Katie Osborne,kosborne72e,12345_5,3931.49,0.012033204254964958
100438,Elizabeth Williams,ewilliams80h,12345_9,4105.33,0.01779403004309596
100439,Todd Norris,tnorris61d,12345_4,5183.83,0.012286999056012871
100440,Denise Townsend,dtownsend80e,12345_6,7254.5,0.011502282956697012
100441,Richard Rodriguez,rrodriguez91d,12345_7,4435.35,0.0019219684112243218
100442,Mrs. Lauren Henderson,mlauren61.,12345_4,10080.98,0.018605066128994346
100443,Matthew Porter,mporter61w,12345_7,8009.96,0.009998739150166119
100444,Adam Stewart,astewart71m,12345_4,5101.06,0.014064737893224813
100445,Victoria Chase,vchase52a,12345_8,6151.56,0.004657950494193393
100446,Stephanie Krueger,skrueger70e,12345_9,7378.11,0.010732961806077761
100447,Curtis Evans,cevans50s,12345_6,3863.0,0.007582845346785148
100448,Clayton Mills,cmills51n,12345_7,6254.33,0.011139722495731526
100449,Kyle Oliver,koliver61e,12345_4,5995.69,0.01577721836656056
100450,Cynthia Taylor,ctaylor61a,12345_7,4015.9,0.0008983156910378321
100451,Gary Rodriguez,grodriguez91y,12345_4,5692.9,0.015258402278822346
100452,Rodney Klein,rklein50y,12345_6,5337.18,0.013440871574673921
100453,Paul Maddox,pmaddox61l,12345_4,4922.03,0.011761385677461971
100454,Rodney Avery,ravery50y,12345_6,5949.75,0.007276409112139699
100455,Vickie Murray,vmurray60e,12345_6,7837.35,0.011103355197779852
100456,Roy Mccullough,rmccullough100y,12345_3,6074.13,0.01904562843225407
100457,Dr. James Murray,djames50.,12345_3,7223.62,0.01474294983182009
100458,Donald Gonzales,dgonzales80d,12345_6,5153.52,0.011675317435280719
100459,Teresa Walsh,twalsh50a,12345_6,3416.18,0.01764835730199551
100460,Robert Taylor,rtaylor60t,12345_6,6227.96,0.01979467510963034
100461,James May,jmay32s,12345_5,7503.94,0.009451494900492392
100462,Kaylee Robinson,krobinson80e,12345_6,7113.94,0.007681110492595713
100463,Cathy Phillips,cphillips82y,12345_5,7897.48,0.007432710174978215
100464,Carolyn Becker,cbecker61n,12345_7,7181.73,0.008164824693201936
100465,Antonio Brock,abrock51o,12345_7,4855.96,0.00899430923596463
100466,Timothy Johnson,tjohnson71y,12345_7,5954.82,0.007286583963208959
100467,John Diaz Jr.,jdiaz41n,12345_4,6887.24,0.001187767778695621
100468,Anna Grant,agrant51a,12345_4,6064.06,0.006535342959793715
100469,Diana Dennis,ddennis62a,12345_5,7123.59,0.002088975635143069
100470,Christopher Ortiz,cortiz52r,12345_11,5035.04,0.00677844773906441
100471,Tyler Horne,thorne52r,12345_5,5263.12,0.0031130513704793385
100472,Laura Cannon,lcannon62a,12345_5,5756.96,0.013388534029829119
100473,Maria Cruz,mcruz42a,12345_5,4866.74,0.010978289811853918
100474,Zachary Bryan,zbryan51y,12345_7,6422.54,0.002481470645190396
100475,Tracy Salinas,tsalinas72y,12345_5,4403.78,0.0085266211410408
100476,Michelle Jenkins,mjenkins72e,12345_8,3262.8,0.015540135033409933
100477,Maria Saunders,msaunders82a,12345_5,4368.16,0.00855450972382819
100478,Julie Fernandez,jfernandez92e,12345_5,7259.0,0.010880147589469577
100479,Aaron Hess,ahess42n,12345_5,3201.58,0.005885417133755786
100480,Douglas Villegas,dvillegas81s,12345_7,5527.48,0.006792735983355183
100481,Melissa Elliott,melliott71a,12345_7,4982.52,0.005278412526773246
100482,Christina Wolf,cwolf40a,12345_9,2494.65,0.01062158239404318
100483,James Delgado,jdelgado72s,12345_5,2779.7,0.016304806608580486
100484,Brian Shannon,bshannon72n,12345_5,4083.54,0.019261788753457524
100485,Donna Phelps,dphelps62a,12345_5,5950.4,0.0015379353886598413
100486,Lindsay Webb,lwebb41y,12345_7,10088.2,0.016849129601177914
100487,Danielle Shannon,dshannon72e,12345_8,6433.03,0.0017027542065054901
100488,Kathryn Ramirez,kramirez71n,12345_7,7952.02,0.013433830583456182
100489,Jonathan Johnson,jjohnson72n,12345_8,3072.36,0.012929700069748218
100490,Sally Flores,sflores62y,12345_5,5266.47,0.014423967043582425
100491,Laura Rodriguez,lrodriguez92a,12345_5,2382.71,0.01487812932776647
100492,Kathy Sloan,ksloan52y,12345_5,7317.33,0.007444525411289511
100493,Jacob Bailey,jbailey62b,12345_5,6391.54,0.017869166763262622
100494,Nicolas Payne,npayne51s,12345_7,6517.24,0.0025408341191292317
100495,Kimberly Hamilton,khamilton82y,12345_8,6695.83,0.00975468149146858
100496,Stacie Petersen,spetersen80e,12345_6,8002.84,0.007573657608211313
100497,David Barrera,dbarrera72d,12345_5,5540.42,0.012917147429566631
100498,Eric Blankenship,eblankenship111c,12345_4,5417.68,0.012072752065911081
100499,Gary Meyers,gmeyers61y,12345_4,5123.96,0.01986870330030473
100500,Victoria Pham,vpham42a,12345_8,5004.55,0.0025886355788036063
100501,Nicholas Lucas,nlucas52s,12345_8,8594.47,0.018556372966015866
100502,Melissa Ramirez,mramirez71a,12345_7,5775.08,0.0004446806226375344
100503,Jackie Gaines,jgaines60e,12345_6,5747.19,0.0072163401020525365
100504,Julie Lee,jlee32e,12345_5,8333.36,0.004487834065585468
100505,Dalton Moreno,dmoreno60n,12345_6,5872.49,0.004489256331163067
100506,Andrew Mcfarland,amcfarland90w,12345_6,6641.58,0.01592909096083038
100507,Kyle White,kwhite51e,12345_4,6755.43,0.016955790669315688
100508,Peter Ramos,pramos52r,12345_5,8246.1,0.0029069294349271836
100509,Randy Stone,rstone52y,12345_5,9101.42,0.010617726619444835
100510,Austin Tran,atran40n,12345_6,5501.17,0.017634311846622275
100511,Timothy Sanders,tsanders71y,12345_7,3006.6,0.01006529891063098
100512,Jermaine Smith,jsmith52e,12345_8,7006.85,0.003993362104166145
100513,Taylor Cox,tcox30r,12345_6,6908.93,0.013791329443586985
100514,Joseph Bautista,jbautista80h,12345_6,6944.36,0.0024453935151157835
100515,Brandy Rodriguez,brodriguez90y,12345_6,6517.77,0.008856864974289995
100516,Manuel Bennett,mbennett70l,12345_6,6527.84,0.019721935385291395
100517,Cassandra Becker,cbecker60a,12345_9,6100.06,0.013639745143684594
100518,Gloria Petersen,gpetersen80a,12345_6,7688.32,0.015167392158537484
100519,Shane Jones,sjones52e,12345_5,3270.36,0.006983953907201577
100520,Nancy Cruz,ncruz42y,12345_5,5856.21,0.01936878195091075
100521,Robert Cooper,rcooper60t,12345_6,3736.18,0.009710937436077352
100522,Aaron Ross,aross42n,12345_5,6523.25,0.01997137431062157
100523,Kayla Daugherty,kdaugherty92a,12345_5,1717.48,0.011313431328874211
100524,Joel Davidson,jdavidson81l,12345_4,8028.31,0.013166595041961287
100525,Donald Rodriguez,drodriguez90d,12345_6,7657.19,0.004619366050524696
100526,Tamara Nolan,tnolan50a,12345_6,4527.15,0.005184081961311211
100527,Kimberly Miller,kmiller62y,12345_8,5554.87,0.009364360137938475
100528,Julie Rollins,jrollins72e,12345_5,3954.23,0.01609136258448445
100529,James Stewart,jstewart72s,12345_5,7603.41,0.017042156037675005
100530,Jason Mann,jmann42n,12345_5,6077.97,0.012662136485573213
100531,Beth Jones,bjones51h,12345_4,8642.04,0.00361619311847758
100532,Travis Ford,tford40s,12345_6,7022.07,0.01781469399265298
100533,Debra Stafford,dstafford82a,12345_5,2459.3,0.007401034176981667
100534,Cassandra Watson,cwatson60a,12345_9,3283.79,0.004137259196699983
100535,Robin Rodriguez,rrodriguez92n,12345_5,4386.99,0.01794547018923671
100536,Victoria Graham,vgraham62a,12345_8,5804.58,0.00674317069213181
100537,Ms. Kelly Riley DVM,mkelly50.,12345_3,6320.9,0.00987036477259362
100538,Kristine Powers,kpowers62e,12345_8,5522.48,0.0058143833804737465
100539,Sheila Freeman,sfreeman70a,12345_6,9177.12,0.0033794614282220505
100540,Matthew Weiss,mweiss51w,12345_7,3614.59,0.015908479569310276
100541,Sarah Dixon,sdixon52h,12345_5,6087.09,0.0030319949905563436
100542,Chelsea Jackson,cjackson71a,12345_7,8496.5,0.015749769163355406
100543,Jenna Kennedy,jkennedy72a,12345_5,6303.38,0.0008148994295751022
100544,Nicole Solis,nsolis50e,12345_6,6226.95,0.0018502118292793646
100545,Miss Connie Turner,mconnie61s,12345_4,6422.02,0.007774109419919564
100546,Michael Potts,mpotts51l,12345_7,5251.39,0.019814156053129077
100547,Jason Brock,jbrock52n,12345_5,4579.55,0.015636653934400353
100548,Teresa Silva,tsilva50a,12345_6,7081.1,0.005862616646591988
100549,Thomas Hanson,thanson60s,12345_6,6782.36,0.006582290299174956
100550,Robert Jones DDS,rjones50t,12345_6,5428.95,0.0025013862716075684
100551,Shannon Smith,ssmith51n,12345_7,6914.45,0.018826206068382017
100552,Christina Scott,cscott50a,12345_9,4450.76,0.007301431852026923
100553,William Gutierrez,wgutierrez91m,12345_7,4947.3,0.003237914443843439
100554,Derrick Jimenez,djimenez71k,12345_7,5606.38,0.018007207550668595
100555,Angela Shelton,ashelton70a,12345_6,5312.39,0.014498350892159964
100556,Dr. Paul Morgan,dpaul40.,12345_3,5238.35,0.0019642670944761066
100557,Michael Webb,mwebb41l,12345_7,7322.18,0.0027219651058322867
100558,Trevor Johnson,tjohnson70r,12345_6,5305.27,0.01934227072242772
100559,John Reynolds,jreynolds81n,12345_4,3692.45,0.0029356099534918467
100560,Kylie Burgess,kburgess72e,12345_5,8024.02,0.004377400301799741
100561,Johnny Mckenzie,jmckenzie80y,12345_6,6395.96,0.0015514619646527761
100562,Jerry Ellis,jellis52y,12345_5,7060.69,0.005165110203656896
100563,Melissa Doyle,mdoyle51a,12345_7,4101.82,0.014096093849048237
100564,Joshua Scott,jscott50a,12345_6,5540.62,0.01631327988165854
100565,Bryan Tran,btran42n,12345_5,10230.63,0.017340970540748787
100566,Nicholas Thomas,nthomas62s,12345_8,8719.88,0.012322052352455768
100567,Tommy Pace,tpace42y,12345_5,5363.75,0.009006122823377182
100568,Gabriela King,gking42a,12345_8,6413.05,0.012721699204016832
100569,Sandra Hall,shall40a,12345_6,7823.43,0.006682640739411709
100570,Robin Love,rlove42n,12345_5,7138.35,0.018704442610543513
100571,Christian Bowman,cbowman60n,12345_9,8731.57,0.00021091942010850406
100572,Lindsey Sparks,lsparks61y,12345_7,6917.86,0.015778327577111288
100573,Alice Patel,apatel52e,12345_5,4544.79,0.01513443774382405
100574,Dr. Brad Todd DDS,dbrad40.,12345_3,4673.45,0.015393541251522345
100575,Sharon Collins,scollins70n,12345_6,6079.12,0.0002607743133622864
100576,Jennifer Blake,jblake52r,12345_8,8253.3,0.010830154006918558
100577,Brian Hernandez,bhernandez92n,12345_5,8930.47,0.017036345083328477
100578,Jason Sheppard,jsheppard82n,12345_5,4000.51,0.014432387924989782
100579,Andrea Owens,aowens50a,12345_6,6489.58,0.002844872210176985
100580,Tanya Johnson,tjohnson72a,12345_5,4018.0,0.003993302896280109
100581,Haley Gamble,hgamble62y,12345_5,7398.6,0.01841857665497908
100582,Alexander Torres,atorres60r,12345_9,4168.29,0.017620849279587396
100583,Andrea Brooks,abrooks60a,12345_6,3328.41,0.008532753913462221
100584,Mark Boyer DDS,mboyer51k,12345_4,5313.89,0.00034163393682437484
100585,Daniel Logan,dlogan50l,12345_6,4725.24,0.01813247748082601
100586,Jose Glover,jglover61e,12345_4,7784.78,0.014700738041250088
100587,Tiffany Moore,tmoore51y,12345_7,5668.32,0.018941482405702807
100588,Patricia Cooper,pcooper62a,12345_8,8532.5,0.005575564625418738
100589,Martin Tucker,mtucker60n,12345_6,5943.24,0.0018428483094896997
100590,Melissa Ali,mali31a,12345_7,5514.66,0.003962566229853097
100591,Janet Jones,jjones52t,12345_5,7372.18,0.012314212070842535
100592,Heather Skinner,hskinner71r,12345_7,7164.22,0.002872775247104442
100593,Brandon Wheeler,bwheeler71n,12345_7,8263.94,0.015541346207519107
100594,Mark Liu,mliu31k,12345_4,6057.31,0.01894015617997646
100595,Erika Green,egreen52a,12345_5,5533.26,0.005423201293891107
100596,Aimee Garrett,agarrett72e,12345_5,8166.55,0.0014274612835400258
100597,David Sloan,dsloan52d,12345_5,2384.11,0.012485358993636777
100598,Nicholas Roberson,nroberson82s,12345_8,4703.49,0.004006542030119382
100599,Karen Woods,kwoods52n,12345_5,4950.7,0.013737755171846305
100600,Alex Jensen,ajensen61x,12345_4,7247.19,0.003072024076578226
100601,Mr. Carl Thomas,mcarl40.,12345_3,4056.98,0.016923562685453735
100602,Mark Patel,mpatel51k,12345_4,6537.58,0.00672854335270704
100603,Nicole Gilmore,ngilmore70e,12345_6,7890.57,0.012814151714424814
100604,Scott Williams,swilliams82t,12345_5,6149.91,0.013372307784974542
100605,Michael Simpson,msimpson71l,12345_7,6435.7,0.019028181377878112
100606,Molly Welch,mwelch52y,12345_5,9088.3,0.016262536048609836
100607,Brad Smith,bsmith51d,12345_4,8433.85,0.01509790484033528
100608,Breanna Johnson,bjohnson71a,12345_7,6915.85,0.012484397652544737
100609,Ashley Davis,adavis50y,12345_6,6684.53,0.01815237574432155
100610,Frank Jenkins,fjenkins72k,12345_5,6091.27,0.012945839307468003
100611,Ronald Wagner,rwagner60d,12345_6,6413.04,0.003495828257342901
100612,Christian Lamb,clamb40n,12345_9,5901.19,0.010523084696391656
100613,Matthew Hernandez,mhernandez91w,12345_7,6034.68,0.006521066231702493
100614,Nicole Neal,nneal40e,12345_6,4996.8,0.007969225962306542
100615,Samantha Mills,smills52a,12345_8,6261.02,0.0033003340416288807
100616,Kevin Butler,kbutler62n,12345_5,6551.55,0.008620625747686454
100617,Blake Hughes,bhughes62e,12345_5,5979.25,0.012225222497312057
100618,Erica Allen,eallen52a,12345_5,9268.6,0.013748910118609237
100619,Andrea Black,ablack50a,12345_6,6643.99,0.005512642750964256
100620,Brent Foster,bfoster62t,12345_5,4702.21,0.008310269080613997
100621,Lisa Jackson,ljackson71a,12345_4,3515.28,0.003425600384884884
100622,Jennifer Hall,jhall42r,12345_8,3868.31,0.012240503857573732
100623,Tony Carter,tcarter61y,12345_4,6718.78,0.005374882028727906
100624,James Barnes,jbarnes62s,12345_5,7261.97,0.00048583732456366493
100625,James Owens,jowens52s,12345_5,6864.56,0.006801821897697358
100626,Melissa Sellers,msellers71a,12345_7,6287.55,0.0028053202182392024
100627,Desiree Harris,dharris61e,12345_7,3756.6,0.011442703769057136
100628,Laura Hamilton,lhamilton82a,12345_5,6214.61,0.010105889922387293
100629,Daniel Lamb,dlamb40l,12345_6,7714.91,0.008867483148910612
100630,Jessica Myers,jmyers51a,12345_7,4666.68,0.0018055444048755854
100631,Julie Rogers,jrogers62e,12345_5,8212.45,0.016981164276779113
100632,Kathy Hampton,khampton72y,12345_5,7834.92,0.007529650159669157
100633,Thomas Noble,tnoble50s,12345_6,6206.39,0.019868536778894903
100634,Roger Yang,ryang42r,12345_5,5559.17,0.004325848300442381
100635,Thomas Hicks,thicks50s,12345_6,7510.8,0.018186349422552216
100636,David Guerrero,dguerrero82d,12345_5,6175.42,0.01072665498229029
100637,Mr. Charles Schmitt,mcharles70.,12345_3,6919.1,0.0026054842538024083
100638,Alice Kemp,akemp42e,12345_5,7654.74,0.011526504917580338
100639,Dale Palmer,dpalmer61e,12345_4,6300.1,0.01823954610700101
100640,Sarah Washington,swashington102h,12345_5,5397.88,0.001089715941518974
100641,Stephen Baker,sbaker51n,12345_7,8691.07,0.006524882808326782
100642,Amber Buchanan,abuchanan82r,12345_5,6287.15,0.005307763798090464
100643,Randy Robinson,rrobinson82y,12345_5,3760.82,0.008280446155304554
100644,Joshua Ruiz,jruiz40a,12345_6,6230.86,0.01828940979939464
100645,Susan Phillips,sphillips82n,12345_5,6305.73,0.015770375963172985
100646,Harold Wall,hwall40d,12345_6,7300.7,0.01429776638014578
100647,Jennifer Gross,jgross52r,12345_8,9330.36,0.01550488500167037
100648,Heather Miller,hmiller61r,12345_7,7404.86,0.0056037859363302816
100649,Jamie Caldwell,jcaldwell82e,12345_5,8490.9,0.008377848216273565
100650,James Warren,jwarren62s,12345_5,3853.15,0.012403461712224817
100651,Vincent Phillips,vphillips81t,12345_7,6133.02,0.00024463031484795117
100652,Todd Sanchez,tsanchez71d,12345_4,4057.3,0.016218356536190977
100653,Courtney Wolf,cwolf42y,12345_8,7857.81,0.0061190651324911464
100654,Jamie Miller,jmiller62e,12345_5,6353.09,0.01709865939696434
100655,Morgan Calderon,mcalderon80n,12345_6,7630.57,0.01603973700882315
100656,Rebekah Frazier,rfrazier71h,12345_7,3323.98,0.019459347546642074
100657,Paul Price,pprice51l,12345_4,4310.01,0.008845918348447888
100658,Jeremy Stanton,jstanton70y,12345_6,7490.87,0.003225010720429964
100659,Gabriel Freeman,gfreeman71l,12345_7,6570.56,0.015486738292550182
100660,Kenneth Harris,kharris61h,12345_7,6515.46,0.005144795740359514
100661,Danielle Walton,dwalton62e,12345_8,4963.95,0.015761002755235502
100662,Nicole Yates,nyates50e,12345_6,4420.53,0.004151727653361246
100663,Timothy Miller,tmiller61y,12345_7,3604.93,0.009974145790262921
100664,Andrew Roberts,aroberts70w,12345_6,4735.79,0.008660284986196125
100665,Barbara Martinez,bmartinez81a,12345_7,7633.57,0.0059752658470737475
100666,Lori Chavez,lchavez61i,12345_4,2237.83,0.01996984811154122
100667,Cynthia Lee,clee31a,12345_7,5327.25,0.01582379032917227
100668,Lisa Floyd,lfloyd51a,12345_4,5568.9,0.013978708071914257
100669,Jason Williams,jwilliams82n,12345_5,8090.29,0.01374839324117428
100670,Joann Watts,jwatts52n,12345_5,5555.7,0.01154560622873446
100671,Deborah Reynolds,dreynolds81h,12345_7,5003.5,0.005998458017366631
100672,Mark Schneider,mschneider91k,12345_4,9269.34,0.0025184328618144502
100673,Shawn Johnson,sjohnson72n,12345_5,7188.63,0.013401125852808247
100674,Steven Nunez,snunez50n,12345_6,2394.86,0.014056288840966952
100675,Dawn Hall,dhall41n,12345_4,7872.93,0.011324297141198153
100676,Carol Peterson,cpeterson82l,12345_5,6629.86,0.00841084408614643
100677,Veronica Guzman,vguzman62a,12345_8,5740.12,0.010594215286978308
100678,Steven Walker,swalker60n,12345_6,5226.31,0.010807618647961419
100679,Walter Harris,wharris60r,12345_6,3477.9,0.0022331185595378857
100680,Robert Austin,raustin60t,12345_6,3403.85,0.016546423338825795
100681,Jamie Thompson,jthompson82e,12345_5,5598.19,0.008454266987858365
100682,Lisa Huffman,lhuffman71a,12345_4,5956.03,0.0009483930456258638
100683,Michael Jacobson DDS,mjacobson81l,12345_7,6339.14,0.010845728839598395
100684,Barry Calhoun,bcalhoun72y,12345_5,3453.53,0.00133708290369704
100685,David Oliver,doliver62d,12345_5,3912.73,0.019836266856113657
100686,Vickie Harper,vharper60e,12345_6,7628.76,0.008325696110404231
100687,Crystal Bradley,cbradley71l,12345_7,6172.2,0.01772464960266843
100688,Jesse Byrd,jbyrd42e,12345_5,6456.93,0.019426964299261388
100689,Lynn Sweeney,lsweeney71n,12345_4,5259.87,0.011613958693717454
100690,James Jackson,jjackson72s,12345_5,6687.81,0.00902503799350358
100691,Jessica Miller,jmiller61a,12345_7,7130.27,0.009809567489967213
100692,Kevin Ellis,kellis52n,12345_5,4708.75,0.002179083143847189
100693,Brian Cook,bcook42n,12345_5,7868.59,0.008646725213520463
100694,Kevin Griffin,kgriffin72n,12345_5,4266.06,0.0032485021365041456
100695,Jason Trevino,jtrevino72n,12345_5,1999.27,0.01807670431225903
100696,Brittany Alexander,balexander92y,12345_8,6423.5,0.012253214410210272
100697,Jack Williams,jwilliams81k,12345_4,3612.53,0.01801991960493909
100698,Annette Freeman,afreeman71e,12345_7,6450.33,0.004708847596543779
100699,Sheila Gomez,sgomez50a,12345_6,6763.93,0.013634124857539667
100700,David Baker,dbaker52d,12345_5,6411.41,0.005069250448802969
100701,Shannon Jones,sjones51n,12345_7,4298.6,0.006332482094383676
100702,Robert Perez,rperez50t,12345_6,8703.77,0.0028958948791721183
100703,Alexandra Horton,ahorton60a,12345_9,9367.87,0.0010461960233319912
100704,Jennifer Farmer,jfarmer62r,12345_8,3038.39,0.006147746887749659
100705,Mary Coleman,mcoleman71y,12345_4,6417.98,0.012293402059297003
100706,Brett Schmidt,bschmidt72t,12345_5,5480.01,0.0023798746757951127
100707,Nancy Christian,nchristian92y,12345_5,8127.79,0.015446566337920674
100708,Sarah Thompson,sthompson82h,12345_5,6374.67,0.004374301253057627
100709,Erin Mathews,emathews71n,12345_4,5141.74,0.017128993384732987
100710,Sharon Larson,slarson60n,12345_6,5873.43,0.0016927380861286624
100711,Amy Sanford,asanford70y,12345_3,3770.57,0.004211805813360301
100712,Christine Mora,cmora40e,12345_9,828.68,0.016215305473303836
100713,Sheri Taylor,staylor62i,12345_5,6465.0,0.004085521589770908
100714,Jennifer Jackson,jjackson72r,12345_8,6955.91,0.01942616985425633
100715,Katherine White,kwhite50e,12345_9,7563.25,0.017262871964093568
100716,Elizabeth Palmer,epalmer60h,12345_9,5424.11,0.018658859232086513
100717,Alexander Gilmore,agilmore70r,12345_9,5041.84,0.005165186761865177
100718,Jay Foster DDS,jfoster60y,12345_3,3786.29,0.010701190208701876
100719,Matthew White,mwhite51w,12345_7,5205.41,0.014506416976400864
100720,Courtney Anderson,canderson82y,12345_8,5774.4,0.007609719202890071
100721,Leslie Freeman,lfreeman70e,12345_6,5495.7,0.007862289160577773
100722,Mark Smith,msmith51k,12345_4,6827.79,0.0036549798544281355
100723,Daniel Nelson,dnelson60l,12345_6,6423.95,0.01164644180839427
100724,Samantha Owen,sowen42a,12345_8,4521.74,0.007949169162266423
100725,Eduardo Snyder,esnyder61o,12345_7,4386.87,0.010621245802655334
100726,Casey Harris,charris62y,12345_5,6539.05,0.008019701585337333
100727,Jeffery Hancock,jhancock71y,12345_7,4879.81,0.000985770340924721
100728,April Blevins,ablevins72l,12345_5,6972.67,0.01228996701573828
100729,Marissa Powers,mpowers61a,12345_7,4981.08,0.00594061875055728
100730,James Stephens,jstephens82s,12345_5,7477.79,0.00869532562054803
100731,Clinton Evans,cevans51n,12345_7,5744.38,0.019529774788831288
100732,Lauren Mejia,lmejia50n,12345_6,4874.37,0.002866924581422441
100733,Justin Taylor,jtaylor60n,12345_6,7147.77,0.012889859550765145
100734,Janet Lucas,jlucas52t,12345_5,6735.24,0.0015665050505828339
100735,Robert Moore,rmoore50t,12345_6,3527.44,0.00947643837905999
100736,Kathy Frye,kfrye42y,12345_5,9093.51,0.016393080571157837
100737,Tiffany Hubbard,thubbard71y,12345_7,6613.2,0.016489564584107032
100738,Jeffrey Harris,jharris61y,12345_7,5696.54,0.019430957715868297
100739,Lori Shepherd,lshepherd81i,12345_4,7632.08,0.016383303441995897
100740,Richard Smith,rsmith51d,12345_7,6513.52,0.00975365471010112
100741,Amanda Scott,ascott50a,12345_6,6798.98,0.010605483213385317
100742,Jerry Richards,jrichards82y,12345_5,5029.01,0.0036386743110129374
100743,Ronnie Barrett,rbarrett70e,12345_6,5592.0,0.010068447351387429
100744,Jose Fleming,jfleming71e,12345_4,5024.19,0.011937915317569308
100745,Dawn Mack,dmack41n,12345_4,3641.12,0.005025909825560406
100746,Andrea Villarreal,avillarreal100a,12345_6,6806.25,0.018518611173289748
100747,Carolyn Le,cle21n,12345_7,3982.76,0.005108809197919933
100748,Kristen Hebert,khebert61n,12345_7,7896.76,0.016556021843598258
100749,Andrea Strong,astrong60a,12345_6,5822.27,0.007351008724337949
100750,Stacy Castaneda,scastaneda92y,12345_5,5906.08,0.013660900519761527
100751,Amy Brown,abrown50y,12345_3,5142.89,0.009428746832641657
100752,Alexis Davis,adavis50s,12345_6,7217.8,0.004151276129286667
100753,Eric Trevino,etrevino71c,12345_4,7102.84,0.01492195387688644
100754,Robert Marsh,rmarsh50t,12345_6,5347.69,0.0017269314488288835
100755,Kelly Chapman,kchapman72y,12345_5,7613.5,0.009489838119624994
100756,Erika Hernandez,ehernandez92a,12345_5,7894.35,0.012723416769746839
100757,Thomas Reyes Jr.,treyes50s,12345_6,4931.39,0.016002579498118254
100758,Juan Mccarty,jmccarty71n,12345_4,8111.29,0.013974407261985245
100759,Breanna Parker,bparker61a,12345_7,4244.46,0.003947700868344463
100760,Darlene Valenzuela,dvalenzuela101e,12345_7,7230.29,0.0012684963081334045
100761,Renee Benson,rbenson62e,12345_5,4518.36,0.004260328461981069
100762,Valerie Thompson,vthompson81e,12345_7,4149.27,0.007085956065091976
100763,Timothy Bowman,tbowman61y,12345_7,8688.59,0.004841312912775278
100764,Ruth Lewis,rlewis51h,12345_4,7172.46,0.011978200004581779
100765,Sarah Pacheco,spacheco72h,12345_5,9726.47,0.01379251036228375
100766,Nicholas Rasmussen,nrasmussen92s,12345_8,5033.62,0.0018142649133967548
100767,Robert Nguyen,rnguyen60t,12345_6,5085.38,0.01635326593251625
100768,Melanie Collins,mcollins71e,12345_7,6165.87,0.011119495369476307
100769,Kimberly Burke,kburke52y,12345_8,6870.08,0.011710252312660957
100770,David Mills,dmills52d,12345_5,5921.86,0.01342123042908485
100771,Mrs. Rebecca Thomas,mrebecca71.,12345_4,4592.11,0.0035074077426390706
100772,Tony Knapp,tknapp51y,12345_4,5085.99,0.006439615338490563
100773,Matthew Vargas,mvargas61w,12345_7,5302.31,0.002774063602409185
100774,Alisha Jordan,ajordan60a,12345_6,8072.51,0.012322137371729125
100775,Kayla Liu,kliu32a,12345_5,5943.55,0.016031320524953385
100776,Mary Hubbard,mhubbard71y,12345_4,6339.88,0.009497882396562544
100777,Amy Powell,apowell60y,12345_3,8626.61,0.00586197630495603
100778,Michelle Abbott,mabbott62e,12345_8,5917.86,0.007158291391870437
100779,Tara Lloyd,tlloyd51a,12345_4,4055.43,0.009844393366057002
100780,Michael King,mking41l,12345_7,9341.87,0.004903861809751524
100781,John Hall,jhall41n,12345_4,6271.0,0.0038946536097824035
100782,Julia Huffman,jhuffman72a,12345_5,7653.5,0.017254977428196698
100783,Elizabeth Rios,erios40h,12345_9,3710.56,0.008605484480320322
100784,Carolyn Rich,crich41n,12345_7,5119.82,0.018543995450485767
100785,Angela Flowers,aflowers70a,12345_6,4383.98,0.009241763429624784
100786,Philip Houston,phouston70p,12345_6,6422.07,0.01870075970181202
100787,Brandon Bernard,bbernard71n,12345_7,3580.3,0.00970644521203662
100788,Joe Jackson,jjackson70e,12345_3,4054.21,0.006265108895974847
100789,Joshua Flowers,jflowers70a,12345_6,3550.94,0.007844750050008672
100790,Derrick Williams,dwilliams81k,12345_7,6670.99,0.0049999683334766565
100791,Victoria Hunter,vhunter62a,12345_8,6076.84,0.00407123141341164
100792,Justin Williamson,jwilliamson100n,12345_6,5904.79,0.009499194740131937
100793,John Tucker,jtucker61n,12345_4,7916.3,0.006396132977875162
100794,Lori Landry,llandry61i,12345_4,4304.63,0.009868601336448065
100795,Michelle Vaughan,mvaughan72e,12345_8,7898.87,0.011299773929427688
100796,Troy Barnett,tbarnett71y,12345_4,3808.24,0.007555809936102707
100797,William Caldwell,wcaldwell81m,12345_7,5209.75,0.016238535392056736
100798,Mr. Ian Reed,mian30.,12345_3,4817.67,0.016760861576917988
100799,Casey Williams,cwilliams82y,12345_5,8195.95,0.016674298100363142
100800,Timothy Ellis PhD,tellis51y,12345_7,5467.03,0.009815997422199733
100801,Travis Martin,tmartin60s,12345_6,4891.64,0.0025067441836009664
100802,Mike Jones,mjones51e,12345_4,8502.85,0.0002897386926077705
100803,Kayla Montgomery,kmontgomery102a,12345_5,4881.75,0.015377177895994572
100804,Christina Davis,cdavis50a,12345_9,1751.95,0.013228791905539597
100805,James Williams,jwilliams82s,12345_5,5286.68,0.00268032421925833
100806,Robert Hughes,rhughes60t,12345_6,8705.43,0.018403234238129073
100807,Omar Bowen,obowen51r,12345_4,5076.53,0.015534961037702287
100808,Karen Clark,kclark52n,12345_5,7186.02,0.004915490483852842
100809,Shannon Davis,sdavis51n,12345_7,6023.12,0.008499141583273011
100810,Toni Zamora,tzamora61i,12345_4,5583.24,0.00482864692900544
100811,Annette Nunez,anunez51e,12345_7,4414.95,0.015819355166893107
100812,Alex Adams,aadams51x,12345_4,1837.07,0.001006304083574172
100813,Ricardo Anderson,randerson81o,12345_7,6945.51,0.011465232176968248
100814,Mary Powell,mpowell61y,12345_4,3850.12,0.009046438671823679
100815,Cynthia Hess,chess41a,12345_7,4111.68,0.0159589767482254
100816,John Macdonald,jmacdonald91n,12345_4,8030.35,0.016103565909664715
100817,Joel Smith,jsmith51l,12345_4,4537.32,0.0118261609644182
100818,Tiffany Ray,tray31y,12345_7,7161.52,0.0165078485281832
100819,Timothy Williams,twilliams81y,12345_7,4880.05,0.008751000589500058
100820,Lori Burke,lburke51i,12345_4,2844.41,0.0062564904476122
100821,Carla Brooks,cbrooks62a,12345_5,5676.95,0.00685468169024003
100822,Brittany Dougherty,bdougherty92y,12345_8,8117.93,0.007389789991720499
100823,Michael Newman,mnewman61l,12345_7,5777.81,0.011715600952839585
100824,Mary Steele,msteele61y,12345_4,5466.68,0.003984806039822156
100825,Scott Clark,sclark52t,12345_5,7880.19,0.015318417944210475
100826,Shelby Duran,sduran50y,12345_6,7816.32,0.0152323592899249
100827,Lori Fleming,lfleming71i,12345_4,4900.74,0.003189624963712563
100828,Dawn Larson,dlarson61n,12345_4,8260.11,0.0015335932799551966
100829,Dawn Reeves,dreeves61n,12345_4,5211.28,0.002580236133345759
100830,Kathleen Butler,kbutler62n,12345_8,8111.28,0.015327358517338055
100831,Katrina Lewis,klewis51a,12345_7,8780.54,0.007238250275431666
100832,Mary Neal,mneal41y,12345_4,7089.12,0.007399613193683972
100833,Jose Everett,jeverett71e,12345_4,6252.15,0.010234994071633134
100834,Sharon Deleon,sdeleon60n,12345_6,8813.17,0.006934303675354568
100835,Cheryl Lowe,clowe40l,12345_6,5907.37,0.013035122301452163
100836,Jordan Perez,jperez50n,12345_6,3726.29,0.017198300093419886
100837,Johnny Daniels,jdaniels70y,12345_6,7507.8,0.008649856054604315
100838,Kevin Hayes PhD,khayes52n,12345_5,7808.97,0.00013356527678048513
100839,John Riley,jriley51n,12345_4,4449.36,0.007272051772359016
100840,Teresa Martinez,tmartinez80a,12345_6,9117.57,0.013198560265181692
100841,Kristen Walters,kwalters71n,12345_7,8101.87,0.009551443887841723
100842,Mary Ortiz,mortiz51y,12345_4,4403.18,0.013976693268284998
100843,Sean Burke,sburke51n,12345_4,7965.58,0.002287257407370309
100844,William Grant MD,wgrant51m,12345_7,7854.3,0.006308929138314594
100845,Gregory Cabrera,gcabrera71y,12345_7,4588.92,0.008803939538170831
100846,David Griffin,dgriffin72d,12345_5,6118.57,0.0031471799560791316
100847,Kelly Jones,kjones52y,12345_5,6453.39,0.002134307698423259
100848,Brooke Johnson,bjohnson70e,12345_6,7528.35,0.013280094284919568
100849,Jack Moore,jmoore51k,12345_4,6373.7,0.013985085514119968
100850,Deanna Sanders,dsanders70a,12345_6,6078.84,0.002806514250759027
100851,Julia Hall,jhall42a,12345_5,5844.02,0.014260926757244989
100852,Douglas Jones,djones51s,12345_7,6936.83,0.003957161118392256
100853,Tyler Lam,tlam32r,12345_5,7820.45,0.019886487918502848
100854,Jerry Alvarez,jalvarez72y,12345_5,6065.41,0.014239561450997442
100855,Heather Davis,hdavis51r,12345_7,7289.01,0.005982546022396507
100856,Christopher Walter,cwalter62r,12345_11,5718.02,0.01803102764540229
100857,Dr. Danielle Brown,ddanielle80.,12345_3,6782.42,0.006339438904721131
100858,Jordan Wilson,jwilson60n,12345_6,5458.46,0.014147807585591164
100859,Chris Frost,cfrost52s,12345_5,4370.89,0.017688624531639368
100860,Craig Vasquez,cvasquez72g,12345_5,7385.53,0.013110518173295319
100861,Stephen Thornton,sthornton81n,12345_7,7563.6,0.009958624115449333
100862,Jorge Chavez,jchavez62e,12345_5,6281.64,0.018233646130551423
100863,Christina Larson,clarson60a,12345_9,5349.8,0.0005704023993234486
100864,Christopher Collier,ccollier72r,12345_11,3812.95,0.0049652630050158455
100865,Steven Johnson,sjohnson70n,12345_6,6195.87,0.01713927622197385
100866,Benjamin Blankenship,bblankenship112n,12345_8,6688.96,0.010748501917651613
100867,William Wright,wwright61m,12345_7,5298.48,0.013287694879079244
100868,Jacqueline Wilkins,jwilkins71e,12345_10,7729.83,0.016973751508398468
100869,Michael Sanchez,msanchez71l,12345_7,5735.58,0.0032440083401350317
100870,Eric Castillo,ecastillo81c,12345_4,7635.34,0.0004449671768858177
100871,Michael White,mwhite51l,12345_7,8225.17,0.012210205472081142
100872,Tina Cox,tcox31a,12345_4,7766.66,0.010588326319109932
100873,William Torres,wtorres61m,12345_7,6637.51,0.011332338387679395
100874,Julia Price,jprice52a,12345_5,6970.09,0.000607502467942429
100875,Dr. Michael Friedman,dmichael70.,12345_3,4258.94,0.019733821886613857
100876,Dale Harding,dharding71e,12345_4,2886.64,0.010540118094689733
100877,Sara Richardson,srichardson101a,12345_4,4870.08,0.0028975877358356737
100878,Timothy Gonzales,tgonzales81y,12345_7,7529.72,0.011231304938309223
100879,Marissa Jones,mjones51a,12345_7,6314.11,0.01708159565049167
100880,Molly Barton,mbarton62y,12345_5,6171.34,0.015275041592120354
100881,Robert Duran,rduran50t,12345_6,5721.32,0.00593966423468437
100882,Michael Thomas,mthomas61l,12345_7,8999.68,0.00029692276862165024
100883,Travis Lee,tlee30s,12345_6,7534.12,0.017695070549276225
100884,Connie Cox,ccox30e,12345_6,5710.74,0.010035301307454749
100885,Brian Brown,bbrown52n,12345_5,8335.73,0.002555884040784364
100886,William Brown,wbrown51m,12345_7,5995.23,0.004879673048953161
100887,Amy Edwards,aedwards70y,12345_3,6604.93,0.00748248846906848
100888,Mark Taylor,mtaylor61k,12345_4,8795.45,0.007592647310854148
100889,Greg Clark,gclark51g,12345_4,6027.65,0.0033333632852923702
100890,Cory Thomas,cthomas61y,12345_4,4663.28,0.0061302819102203015
100891,Donna Ward,dward42a,12345_5,4967.0,0.01189938628363195
100892,David Tate,dtate42d,12345_5,3367.29,0.015712116564614652
100893,Thomas Morgan,tmorgan60s,12345_6,4504.89,0.00041502168617796765
100894,Debra Orozco,dorozco62a,12345_5,5011.73,0.010997811947040352
100895,Robin Gonzalez,rgonzalez82n,12345_5,4564.21,0.0020039628168457015
100896,Jim Smith,jsmith50m,12345_3,2888.49,0.014723239558960353
100897,Bryan Miller,bmiller62n,12345_5,8208.18,0.014124883245771203
100898,Cindy Jones,cjones52y,12345_5,7224.84,0.007747865099940832
100899,Kathryn Cruz,kcruz41n,12345_7,7490.53,0.008256510249141811
100900,Christopher Doyle,cdoyle52r,12345_11,7550.48,0.006186949522439567
100901,Kevin Reed,kreed42n,12345_5,5089.45,0.007911615977724162
100902,Sarah Hamilton,shamilton82h,12345_5,2076.14,0.01703732393246767
100903,Roberto Shaw,rshaw41o,12345_7,5196.99,0.013502497627845386
100904,Stephanie Hall,shall40e,12345_9,5583.58,0.0037588751696700172
100905,Gregory Daniels,gdaniels71y,12345_7,5033.48,0.010269035432564315
100906,Daniel Thomas,dthomas60l,12345_6,7125.34,0.013323118182344558
100907,Sally Meyer,smeyer52y,12345_5,6635.9,0.0010505410211553224
100908,Tammy Rodgers,trodgers72y,12345_5,6330.57,0.01930490220705779
100909,Mrs. Elizabeth Smith,melizabeth91.,12345_4,7042.74,0.01738217913235229
100910,Michelle Smith,msmith52e,12345_8,2539.15,0.00650164663510281
100911,Stephen Case,scase41n,12345_7,5359.75,5.4236362965884854e-05
100912,Timothy Hill,thill41y,12345_7,5303.38,0.008378396645543669
100913,Michael Walter,mwalter61l,12345_7,5502.25,0.007805268540538308
100914,Caleb Gomez,cgomez52b,12345_5,3092.56,0.0006405753000121295
100915,Charles Rosario,crosario71s,12345_7,6201.98,0.013280054723303212
100916,Thomas Rose,trose40s,12345_6,5757.88,0.011029927419783503
100917,Sara Nelson,snelson61a,12345_4,6739.23,0.01869139107474776
100918,Mrs. Andrea Gutierrez,mandrea61.,12345_4,7083.84,0.010789108233900994
100919,Allison Hunter,ahunter61n,12345_7,3666.7,0.018655017290006144
100920,Michael Benitez,mbenitez71l,12345_7,3289.41,0.01595538017553781
100921,Kevin Adams,kadams52n,12345_5,6736.51,0.0029470827099742493
100922,David Wells,dwells52d,12345_5,4100.14,0.011485266276913937
100923,Ronald Davis,rdavis50d,12345_6,5478.59,0.000547101541782855
100924,Justin Hill,jhill40n,12345_6,7464.02,0.012759149151602485
100925,Stacy Stark,sstark52y,12345_5,7560.54,0.004122984791694371
100926,William Huff,whuff41m,12345_7,6058.58,0.016780859937604357
